id,is_fraud
25,0
35,0
48,0
59,0
63,0
64,0
71,1
79,0
92,0
101,0
110,0
111,1
112,0
122,0
126,0
127,0
132,0
136,0
140,0
159,0
170,0
179,0
199,0
222,0
225,0
235,0
242,0
243,0
252,0
254,0
255,1
268,0
282,0
286,0
297,0
316,0
324,1
338,0
346,0
367,0
376,0
377,0
381,0
383,0
396,0
421,0
448,0
449,0
455,0
456,0
470,0
472,0
479,0
489,0
491,0
497,0
502,0
515,0
518,0
521,0
531,0
533,0
540,0
543,0
577,0
595,0
599,0
603,0
618,0
619,0
630,0
635,0
638,0
646,0
647,0
649,0
653,0
664,0
666,0
668,0
679,0
684,0
689,0
692,0
696,0
698,0
701,0
705,0
710,0
719,0
720,0
742,0
758,0
761,0
764,0
765,0
766,0
767,0
778,0
796,0
799,0
801,0
817,0
825,0
827,0
828,0
829,0
838,0
874,0
878,0
879,0
885,0
887,0
889,0
891,0
896,0
897,1
900,0
904,0
916,0
918,0
938,0
947,0
955,0
956,1
961,0
971,0
972,0
975,0
986,0
990,0
992,0
993,1
996,0
1007,0
1012,0
1016,0
1022,0
1023,0
1031,0
1035,0
1036,0
1049,0
1059,0
1061,0
1065,0
1071,0
1073,0
1082,0
1094,0
1100,0
1114,0
1149,0
1161,0
1162,0
1182,0
1185,0
1196,0
1200,0
1202,0
1207,0
1208,0
1209,0
1214,0
1217,1
1222,0
1226,1
1230,0
1233,0
1243,0
1252,1
1265,1
1269,0
1274,0
1279,0
1290,0
1301,0
1310,0
1316,0
1327,0
1332,0
1342,0
1346,0
1373,0
1410,0
1420,0
1421,0
1423,1
1425,0
1434,0
1441,1
1450,0
1456,0
1459,0
1461,0
1464,0
1472,0
1473,0
1479,0
1483,0
1492,0
1500,0
1507,0
1519,0
1536,1
1543,0
1581,0
1583,0
1586,0
1588,0
1602,0
1607,0
1620,0
1626,0
1628,0
1637,0
1647,0
1651,0
1664,0
1698,0
1716,0
1727,0
1728,0
1737,0
1748,0
1753,0
1822,0
1826,0
1829,0
1831,0
1845,0
1858,0
1879,0
1880,0
1884,0
1949,0
1957,0
1965,0
1973,0
1983,1
1987,0
1990,0
1994,0
2002,0
2003,0
2010,0
2011,0
2012,0
2013,0
2051,0
2071,0
2073,0
2081,0
2133,0
2138,0
2148,0
2149,0
2159,0
2171,0
2178,0
2182,0
2185,0
2196,0
2203,0
2204,0
2213,0
2238,0
2249,0
2250,0
2255,1
2257,0
2263,0
2265,0
2273,0
2285,1
2290,0
2292,0
2294,0
2297,0
2302,0
2305,0
2306,0
2310,0
2324,0
2331,0
2335,0
2337,0
2354,0
2361,0
2371,0
2376,0
2382,0
2392,0
2410,0
2418,0
2420,0
2421,0
2453,0
2471,0
2476,0
2508,0
2519,0
2530,0
2545,0
2554,0
2560,0
2588,0
2598,0
2600,0
2605,0
2620,0
2628,0
2630,0
2644,0
2655,0
2658,0
2661,0
2680,0
2683,0
2694,0
2703,0
2714,0
2724,0
2728,0
2762,0
2763,0
2764,0
2771,0
2787,0
2788,0
2795,0
2799,0
2802,0
2825,0
2829,0
2834,0
2841,0
2842,0
2855,0
2868,0
2877,0
2898,0
2902,1
2910,0
2912,0
2923,0
2924,0
2928,0
2932,0
2942,0
2947,0
2955,0
2956,0
2957,0
2961,0
2965,0
2984,0
3008,0
3013,0
3014,0
3047,0
3053,0
3057,0
3059,0
3065,0
3067,0
3082,0
3091,1
3102,0
3107,0
3120,0
3131,0
3132,0
3138,0
3167,0
3174,0
3185,0
3190,0
3196,0
3213,0
3223,0
3229,0
3249,0
3265,0
3272,0
3285,0
3289,0
3290,0
3314,0
3328,0
3336,0
3343,0
3347,0
3351,0
3366,0
3384,0
3408,0
3418,0
3421,0
3437,0
3448,1
3451,0
3455,0
3458,0
3465,0
3489,0
3495,0
3496,0
3504,0
3519,0
3521,0
3524,0
3525,0
3532,0
3537,0
3552,0
3557,0
3602,0
3612,1
3615,0
3620,0
3628,0
3629,0
3637,0
3643,0
3656,0
3659,0
3664,0
3669,0
3681,0
3686,0
3701,0
3709,0
3711,0
3723,0
3728,0
3732,0
3750,0
3754,0
3763,0
3770,0
3773,1
3816,0
3828,0
3837,0
3838,1
3840,0
3851,1
3863,0
3869,0
3890,0
3895,0
3938,0
3949,0
3951,0
3952,0
3955,0
3956,0
3957,0
3959,0
3965,0
3966,0
3971,0
3972,0
3983,0
3991,0
3993,0
4000,0
4002,0
4011,0
4026,0
4036,0
4038,0
4043,0
4046,0
4047,0
4059,0
4060,0
4068,0
4077,0
4085,0
4086,0
4094,0
4113,0
4114,0
4133,0
4153,0
4172,0
4173,0
4183,0
4187,0
4190,0
4193,0
4199,0
4203,0
4209,0
4220,0
4225,1
4233,0
4247,0
4252,0
4260,0
4267,0
4292,0
4297,0
4300,0
4304,0
4308,0
4317,0
4330,0
4338,0
4346,0
4348,0
4350,0
4352,0
4359,0
4379,0
4388,0
4405,0
4417,0
4421,1
4430,0
4443,0
4444,0
4445,0
4456,0
4459,0
4470,0
4484,0
4486,0
4492,0
4493,1
4524,0
4527,0
4542,0
4543,0
4551,0
4562,0
4566,0
4569,0
4577,0
4596,0
4604,0
4618,0
4626,0
4631,0
4636,0
4661,0
4664,0
4665,0
4672,0
4712,0
4717,0
4735,0
4749,0
4755,0
4770,1
4771,0
4774,0
4775,0
4801,1
4809,0
4813,0
4843,0
4856,1
4859,0
4877,0
4880,0
4883,0
4890,0
4902,0
4906,0
4911,0
4926,0
4929,0
4942,0
4952,0
4960,0
4968,0
4984,0
4986,0
4993,0
4996,0
4998,0
5001,0
5012,0
5013,0
5016,0
5026,0
5033,0
5035,0
5050,0
5052,0
5055,0
5060,0
5072,0
5073,0
5077,0
5083,0
5090,0
5106,0
5107,0
5110,0
5119,0
5121,0
5125,0
5126,0
5138,1
5146,0
5147,0
5158,0
5159,0
5177,0
5183,0
5188,0
5195,0
5212,0
5228,0
5230,0
5234,0
5242,0
5243,0
5244,0
5252,0
5253,0
5261,0
5263,0
5266,0
5267,0
5270,0
5280,0
5319,0
5324,0
5331,0
5335,0
5343,0
5371,0
5373,0
5375,0
5387,0
5390,0
5394,1
5405,0
5407,0
5422,0
5442,1
5458,0
5461,0
5462,0
5478,1
5482,0
5491,0
5495,0
5497,0
5499,0
5506,0
5512,0
5518,0
5520,0
5529,0
5530,0
5532,0
5541,0
5549,0
5550,0
5561,0
5565,0
5570,0
5586,0
5599,0
5617,0
5631,0
5638,0
5644,0
5645,1
5646,0
5662,0
5681,0
5682,0
5687,0
5695,0
5745,0
5758,0
5767,0
5774,0
5777,0
5794,0
5805,0
5811,0
5815,0
5825,0
5827,0
5836,0
5857,0
5875,0
5882,0
5888,0
5893,0
5906,0
5907,0
5935,0
5937,0
5940,0
5945,1
5958,0
5961,0
5962,0
5965,0
5977,0
5980,0
5996,0
6004,0
6018,0
6026,0
6030,0
6034,0
6038,0
6052,0
6056,0
6078,0
6089,0
6096,0
6126,0
6128,0
6142,0
6150,0
6155,0
6198,0
6208,0
6219,0
6224,0
6228,0
6229,0
6236,0
6238,0
6256,0
6264,0
6267,0
6268,0
6272,0
6275,0
6279,0
6298,0
6312,0
6322,0
6329,0
6332,0
6334,1
6345,0
6348,0
6349,0
6356,0
6358,0
6369,0
6374,0
6381,0
6394,0
6399,0
6402,0
6406,0
6419,0
6425,0
6437,0
6439,0
6442,0
6451,0
6466,0
6468,0
6472,0
6476,0
6477,0
6481,0
6484,0
6499,0
6500,0
6506,0
6509,0
6537,0
6538,0
6539,0
6575,0
6581,0
6586,0
6588,0
6599,0
6601,0
6602,0
6620,0
6625,0
6633,0
6637,0
6644,0
6645,0
6666,0
6671,0
6676,0
6688,0
6696,0
6704,0
6720,0
6722,0
6724,0
6745,0
6758,0
6762,0
6768,0
6783,0
6785,0
6790,0
6799,0
6801,0
6803,0
6821,0
6854,0
6856,0
6860,0
6863,0
6880,0
6893,0
6912,0
6921,0
6935,0
6939,0
6941,0
6959,0
6983,0
6989,0
6997,0
6998,0
7005,0
7022,1
7026,0
7034,0
7042,0
7044,0
7054,0
7071,0
7079,0
7086,0
7103,0
7105,0
7110,0
7117,0
7118,0
7127,0
7135,0
7146,0
7148,0
7161,0
7164,0
7166,0
7171,0
7174,0
7207,0
7210,0
7220,0
7226,0
7228,1
7233,0
7244,0
7251,0
7254,0
7262,0
7283,0
7293,0
7295,0
7318,0
7352,0
7358,0
7381,0
7399,0
7413,0
7416,0
7421,0
7426,0
7435,0
7445,0
7469,0
7480,0
7483,0
7494,0
7505,0
7508,0
7513,0
7528,0
7536,0
7544,0
7563,0
7573,0
7585,0
7592,0
7606,0
7611,0
7621,0
7648,0
7656,0
7659,0
7660,0
7670,0
7673,0
7680,0
7689,0
7691,0
7697,0
7698,0
7706,0
7716,0
7723,0
7728,0
7737,0
7741,0
7751,0
7752,0
7761,0
7763,0
7769,0
7770,0
7773,0
7786,0
7791,0
7802,0
7803,0
7806,0
7823,0
7838,0
7843,0
7848,0
7849,0
7860,0
7863,0
7865,0
7866,0
7878,0
7889,0
7915,0
7919,0
7925,0
7929,0
7939,0
7974,0
8009,0
8020,0
8031,0
8033,0
8035,0
8044,0
8057,0
8062,0
8078,0
8089,0
8092,0
8094,0
8104,0
8129,0
8130,0
8174,0
8184,0
8189,0
8214,0
8222,0
8227,0
8235,0
8237,0
8261,0
8267,0
8275,0
8282,0
8286,0
8292,0
8294,0
8317,0
8323,0
8327,0
8328,0
8340,0
8350,0
8351,0
8358,0
8362,0
8370,0
8381,0
8396,1
8397,0
8441,0
8442,0
8461,0
8466,0
8472,0
8479,0
8486,0
8487,0
8494,0
8508,0
8524,0
8532,0
8534,0
8536,0
8577,0
8580,0
8582,0
8601,0
8604,0
8614,1
8629,0
8638,0
8648,0
8659,0
8674,1
8675,0
8680,0
8699,0
8701,0
8711,0
8722,0
8729,0
8731,0
8736,0
8737,0
8742,1
8766,0
8771,0
8799,0
8806,0
8808,1
8809,0
8814,0
8816,0
8830,0
8832,0
8845,0
8853,0
8855,0
8864,0
8867,1
8872,0
8876,0
8878,0
8883,0
8888,0
8890,0
8907,0
8908,0
8925,0
8926,0
8928,0
8953,0
8956,0
8977,0
8978,0
8986,0
9003,0
9008,0
9012,1
9013,0
9021,0
9029,0
9031,0
9038,0
9040,0
9045,0
9047,0
9052,0
9056,0
9062,0
9068,0
9069,0
9074,0
9082,0
9095,0
9102,0
9104,0
9108,0
9114,0
9142,0
9153,0
9154,1
9155,0
9157,1
9158,0
9161,0
9168,0
9174,0
9175,0
9177,0
9183,0
9194,0
9196,0
9200,0
9201,0
9209,0
9220,0
9236,0
9237,0
9238,0
9247,0
9250,0
9252,0
9289,0
9308,0
9313,0
9314,0
9317,0
9341,0
9343,0
9388,0
9389,0
9392,0
9395,0
9397,0
9422,0
9439,0
9441,0
9443,0
9459,0
9475,0
9480,0
9490,0
9495,0
9498,0
9502,0
9514,0
9517,0
9521,0
9552,0
9556,0
9565,0
9568,0
9581,0
9582,0
9594,0
9606,0
9613,0
9624,0
9628,0
9637,0
9641,0
9644,0
9663,1
9687,0
9697,0
9718,0
9746,0
9747,0
9751,0
9756,0
9767,1
9768,0
9773,0
9776,0
9781,0
9782,0
9783,0
9787,0
9789,0
9802,0
9815,0
9817,0
9821,0
9839,0
9840,0
9848,0
9854,1
9857,0
9858,0
9862,0
9863,0
9868,1
9881,0
9889,1
9902,0
9904,0
9906,1
9908,0
9915,0
9916,0
9917,0
9920,0
9931,0
9936,0
9949,0
9955,0
9960,0
9979,0
10002,0
10020,0
10023,0
10025,0
10029,0
10032,0
10035,1
10058,0
10059,0
10074,0
10082,0
10100,1
10101,0
10114,0
10116,0
10124,0
10131,0
10134,0
10141,0
10171,0
10176,0
10217,0
10225,0
10229,0
10231,1
10233,0
10235,0
10238,0
10241,1
10244,0
10245,0
10250,0
10254,0
10264,0
10295,0
10296,0
10300,0
10310,0
10314,0
10315,0
10316,0
10322,0
10331,0
10336,0
10337,0
10369,0
10372,0
10374,0
10382,0
10387,0
10389,0
10395,0
10396,0
10398,0
10400,0
10410,0
10418,0
10419,0
10433,0
10439,0
10442,0
10445,0
10446,0
10451,0
10453,0
10456,0
10463,0
10474,0
10478,0
10485,0
10489,0
10490,0
10500,0
10504,0
10513,0
10516,0
10554,0
10555,0
10558,0
10560,0
10566,0
10573,0
10578,0
10584,0
10603,0
10604,0
10612,0
10619,0
10625,0
10627,0
10640,1
10651,0
10674,0
10678,0
10689,0
10691,0
10700,0
10701,0
10702,0
10711,0
10713,0
10718,0
10719,0
10720,0
10728,0
10744,0
10750,0
10751,0
10753,0
10765,0
10766,0
10786,0
10799,0
10807,0
10811,0
10823,0
10838,0
10842,0
10843,0
10849,0
10851,0
10858,0
10862,0
10868,0
10881,0
10883,0
10891,0
10896,0
10910,0
10913,0
10915,0
10923,0
10930,1
10932,1
10933,0
10935,0
10947,0
10950,0
10965,0
10988,0
10995,0
11006,0
11015,0
11025,0
11032,0
11037,0
11051,0
11058,0
11068,0
11069,0
11074,0
11075,0
11076,0
11111,0
11117,0
11118,0
11119,0
11121,0
11133,0
11156,0
11159,0
11165,0
11179,0
11180,0
11200,0
11206,0
11212,0
11246,0
11269,0
11270,0
11272,0
11273,0
11276,0
11303,0
11309,0
11312,0
11323,0
11327,0
11332,0
11346,1
11361,0
11374,0
11389,0
11391,0
11400,0
11401,0
11407,0
11410,0
11422,1
11431,0
11432,0
11439,0
11450,0
11451,0
11457,0
11459,0
11465,0
11481,0
11482,0
11489,0
11496,0
11509,0
11510,0
11513,0
11546,0
11548,0
11555,0
11577,0
11589,0
11593,0
11597,0
11609,0
11619,0
11620,1
11626,0
11634,0
11643,0
11646,0
11647,1
11664,0
11665,0
11676,0
11680,0
11683,0
11688,0
11699,0
11702,0
11715,0
11723,1
11727,0
11732,0
11733,0
11735,0
11738,0
11751,0
11766,0
11784,0
11787,0
11806,1
11811,0
11823,0
11830,1
11856,0
11868,0
11874,0
11875,0
11876,0
11888,0
11894,0
11902,0
11909,0
11925,0
11928,0
11944,0
11953,0
11954,0
11972,0
11986,0
11989,0
11999,0
12000,0
12003,0
12022,0
12025,0
12032,0
12035,1
12041,0
12046,0
12047,0
12050,0
12051,0
12060,0
12073,0
12078,0
12081,0
12086,0
12110,0
12111,0
12112,0
12120,0
12125,0
12126,1
12132,0
12141,0
12160,0
12175,0
12186,0
12194,0
12196,0
12230,0
12236,0
12249,0
12252,1
12253,1
12255,0
12260,0
12263,0
12277,0
12301,0
12306,0
12307,0
12318,0
12320,0
12324,1
12325,1
12343,0
12347,0
12351,0
12352,0
12356,0
12359,0
12385,0
12388,0
12393,0
12413,0
12433,0
12443,0
12473,0
12474,0
12484,0
12485,0
12498,0
12500,0
12504,0
12510,0
12523,0
12528,0
12536,0
12542,0
12556,0
12560,0
12563,0
12565,0
12571,0
12584,0
12605,1
12607,0
12610,0
12612,0
12613,0
12628,0
12631,0
12637,0
12638,0
12649,0
12651,0
12662,0
12674,0
12677,0
12681,0
12682,0
12688,0
12691,0
12694,0
12701,0
12724,0
12737,1
12742,0
12764,0
12766,0
12767,0
12775,0
12781,0
12789,0
12791,0
12797,0
12804,0
12810,0
12818,0
12824,0
12830,0
12844,0
12862,0
12863,0
12871,0
12880,0
12885,0
12890,0
12914,0
12925,0
12931,0
12941,0
12958,0
12963,0
12974,0
12987,0
13018,0
13020,0
13025,0
13045,0
13054,0
13065,0
13066,0
13071,0
13083,1
13094,0
13095,0
13116,0
13119,0
13128,0
13131,0
13134,0
13135,0
13136,0
13137,0
13153,0
13166,0
13178,0
13180,0
13183,0
13202,0
13203,0
13219,0
13237,0
13243,0
13249,1
13269,0
13279,0
13281,0
13282,0
13283,0
13286,0
13304,0
13308,0
13309,0
13316,0
13320,0
13321,0
13322,0
13332,0
13344,0
13348,0
13352,0
13372,0
13381,0
13382,0
13394,0
13422,0
13424,0
13428,0
13444,0
13466,0
13487,0
13491,0
13505,0
13534,0
13541,0
13561,0
13564,0
13572,0
13573,0
13579,0
13581,0
13583,0
13584,0
13588,0
13628,0
13635,0
13641,0
13644,0
13652,0
13660,0
13665,0
13671,0
13675,0
13678,0
13679,0
13692,0
13697,0
13703,0
13737,0
13739,0
13740,0
13741,0
13744,0
13758,0
13762,0
13763,0
13770,0
13776,0
13779,0
13798,0
13800,0
13804,0
13808,0
13809,0
13810,0
13812,0
13818,0
13823,0
13834,0
13837,0
13845,0
13865,0
13877,0
13887,0
13944,0
13954,0
13955,0
13967,0
13990,0
14009,0
14019,0
14021,1
14030,0
14035,0
14047,1
14048,0
14050,0
14055,0
14061,0
14064,0
14066,0
14081,0
14089,0
14098,0
14100,0
14101,0
14103,0
14104,0
14106,0
14113,0
14116,0
14140,0
14144,0
14147,0
14148,0
14161,0
14167,0
14175,0
14182,0
14187,0
14188,0
14192,0
14219,0
14221,0
14225,0
14233,1
14258,0
14261,0
14267,0
14268,0
14282,0
14291,0
14293,0
14307,0
14314,1
14329,0
14330,0
14339,0
14340,0
14348,0
14367,0
14379,0
14384,0
14387,0
14390,0
14391,0
14399,0
14401,0
14412,0
14430,0
14433,0
14447,0
14449,0
14450,0
14452,0
14456,1
14460,1
14464,0
14474,0
14475,0
14476,0
14496,0
14506,0
14510,0
14523,0
14541,0
14569,0
14570,0
14578,0
14592,0
14595,0
14599,0
14600,0
14612,0
14617,0
14626,0
14629,0
14643,0
14655,0
14656,0
14657,0
14660,0
14668,0
14678,0
14691,0
14704,0
14708,0
14716,0
14729,0
14744,0
14751,0
14752,0
14757,0
14762,0
14768,0
14774,0
14779,0
14792,0
14794,0
14803,1
14804,1
14811,0
14815,0
14820,0
14832,0
14839,0
14854,0
14859,0
14861,0
14880,0
14881,0
14883,0
14905,0
14912,0
14917,0
14925,0
14932,0
14944,0
14948,0
14952,0
14996,0
15005,0
15006,0
15011,0
15013,0
15030,0
15035,0
15037,0
15043,0
15046,0
15057,0
15059,0
15071,0
15073,0
15080,0
15092,0
15112,0
15121,0
15127,0
15131,0
15137,0
15140,0
15143,0
15146,0
15153,0
15160,0
15164,0
15172,0
15177,0
15178,1
15181,0
15202,1
15212,0
15221,0
15228,0
15245,0
15255,0
15257,1
15268,0
15270,0
15276,0
15279,0
15285,0
15302,1
15305,0
15306,1
15318,1
15323,0
15337,0
15344,0
15366,0
15371,0
15383,0
15389,0
15393,0
15396,0
15409,0
15414,0
15417,0
15418,0
15419,0
15422,0
15425,0
15432,1
15439,0
15465,0
15478,0
15480,0
15489,0
15493,0
15495,0
15498,0
15505,0
15512,0
15521,0
15528,0
15531,0
15537,0
15540,1
15547,0
15551,0
15556,0
15558,0
15561,0
15580,0
15582,0
15584,0
15599,0
15600,0
15607,0
15608,0
15615,0
15627,0
15630,0
15639,0
15651,0
15653,0
15663,0
15664,0
15671,0
15677,0
15678,0
15693,0
15696,0
15701,0
15703,0
15710,0
15721,0
15723,0
15726,0
15728,0
15732,0
15734,0
15764,1
15774,0
15787,0
15788,0
15791,0
15811,0
15816,0
15820,0
15821,0
15822,0
15826,0
15827,0
15829,0
15831,0
15832,0
15837,1
15848,0
15872,0
15884,0
15889,0
15890,0
15897,0
15902,0
15912,0
15951,0
15960,0
15964,0
15977,0
15985,0
15993,0
15999,0
16002,0
16026,0
16030,0
16035,0
16051,0
16054,0
16076,0
16079,0
16099,1
16114,1
16121,0
16124,0
16134,0
16136,0
16142,0
16145,0
16170,0
16173,0
16176,0
16179,0
16180,0
16184,0
16185,0
16191,0
16213,0
16225,0
16234,0
16237,0
16239,0
16249,0
16251,0
16252,0
16253,0
16269,0
16281,0
16306,0
16307,0
16322,0
16324,0
16332,0
16338,0
16341,0
16369,0
16396,0
16400,0
16409,0
16419,0
16421,0
16423,0
16426,0
16429,0
16432,0
16444,0
16446,0
16450,0
16453,0
16467,0
16507,0
16512,0
16513,0
16516,0
16521,0
16523,1
16527,0
16532,0
16551,0
16554,0
16562,0
16563,0
16564,0
16566,0
16580,0
16581,0
16593,0
16598,0
16600,0
16603,0
16612,0
16614,0
16618,0
16621,0
16625,0
16626,0
16640,0
16656,0
16662,0
16665,0
16669,0
16687,0
16696,0
16700,0
16712,0
16717,0
16729,0
16735,0
16756,0
16760,0
16762,0
16763,0
16771,0
16775,0
16785,0
16789,0
16795,0
16796,0
16806,0
16810,1
16812,0
16817,0
16830,0
16831,0
16837,0
16841,0
16842,0
16846,0
16857,0
16873,0
16875,0
16876,0
16882,0
16887,0
16892,0
16900,0
16907,0
16914,0
16928,0
16942,0
16956,0
16963,0
16968,0
16973,0
16974,0
16978,0
16982,0
16991,0
17008,0
17020,0
17025,0
17027,0
17028,1
17034,0
17039,0
17047,0
17055,0
17079,0
17090,0
17104,0
17121,0
17135,0
17140,0
17147,0
17160,0
17163,0
17168,0
17169,0
17174,0
17195,0
17215,0
17224,0
17231,0
17242,0
17243,0
17248,0
17250,0
17252,1
17260,0
17273,0
17283,0
17287,0
17298,0
17304,0
17314,1
17316,0
17317,0
17330,0
17331,0
17332,0
17335,0
17343,0
17345,0
17346,0
17348,0
17349,0
17351,0
17356,0
17361,0
17377,0
17392,0
17399,0
17409,0
17410,0
17421,0
17422,1
17429,0
17430,0
17451,1
17457,0
17464,0
17471,0
17473,0
17490,0
17497,0
17498,0
17501,0
17507,0
17517,0
17525,0
17539,0
17544,0
17548,0
17551,0
17556,0
17558,0
17563,0
17564,0
17566,0
17569,0
17570,0
17579,0
17581,0
17600,0
17605,0
17608,0
17620,0
17623,0
17625,1
17627,0
17642,1
17652,0
17658,0
17659,0
17666,0
17685,1
17688,0
17693,0
17701,0
17715,0
17725,0
17732,0
17738,0
17741,0
17745,0
17748,0
17756,0
17766,0
17778,0
17779,0
17789,0
17800,0
17816,0
17833,0
17860,0
17873,0
17877,0
17879,0
17880,0
17885,0
17891,0
17899,0
17924,0
17931,0
17936,0
17948,0
17961,0
17969,0
17973,1
17974,0
18005,0
18015,0
18016,0
18018,0
18019,0
18026,0
18029,0
18033,0
18037,0
18038,0
18056,0
18064,0
18072,0
18091,0
18094,0
18095,0
18101,0
18106,0
18108,1
18114,0
18116,0
18118,0
18121,0
18135,0
18136,0
18146,0
18147,0
18157,1
18160,0
18164,0
18176,0
18183,0
18188,0
18193,0
18198,0
18199,0
18215,0
18216,0
18221,0
18222,0
18229,0
18231,0
18239,0
18251,0
18258,0
18261,0
18262,0
18263,0
18268,0
18273,0
18283,0
18287,0
18318,0
18322,0
18324,0
18337,0
18339,0
18347,0
18348,0
18351,0
18360,0
18378,0
18380,0
18388,1
18393,0
18395,0
18406,0
18421,0
18422,0
18424,0
18426,0
18429,0
18437,0
18455,1
18466,0
18485,1
18487,0
18489,0
18498,0
18499,0
18500,0
18506,1
18507,0
18513,0
18517,0
18525,0
18529,0
18533,0
18534,0
18537,0
18556,0
18559,0
18564,0
18568,0
18573,0
18576,0
18578,0
18584,0
18586,0
18590,0
18596,0
18608,1
18618,0
18639,0
18643,0
18661,0
18663,0
18668,0
18669,0
18676,0
18677,0
18679,0
18683,0
18684,0
18707,0
18718,0
18723,0
18737,0
18756,0
18759,0
18793,1
18794,0
18804,0
18805,0
18811,0
18814,0
18817,0
18824,0
18826,0
18836,0
18840,0
18841,0
18846,0
18851,0
18854,0
18856,0
18875,1
18881,0
18890,0
18899,0
18901,0
18904,0
18909,0
18916,0
18920,0
18935,0
18936,1
18963,0
18967,0
18970,0
18971,0
18974,0
18980,0
18992,0
18996,0
19002,0
19003,0
19004,0
19006,0
19008,0
19012,0
19031,0
19039,0
19042,0
19045,0
19049,0
19051,0
19059,0
19066,0
19073,0
19078,0
19080,0
19084,0
19091,0
19095,0
19096,0
19104,0
19106,0
19117,0
19139,0
19140,0
19143,0
19152,0
19168,0
19177,0
19185,0
19187,0
19196,0
19199,0
19201,0
19203,0
19207,0
19208,0
19210,0
19218,1
19221,0
19231,0
19234,0
19240,0
19242,0
19245,1
19251,0
19266,0
19275,0
19276,0
19284,0
19287,0
19296,0
19300,0
19310,0
19320,0
19343,0
19382,0
19395,0
19402,1
19404,0
19408,0
19427,0
19433,0
19437,0
19457,0
19466,0
19468,0
19479,0
19482,0
19485,0
19486,0
19492,0
19498,0
19499,0
19507,0
19517,0
19519,0
19525,0
19534,0
19536,0
19538,0
19540,0
19542,0
19554,0
19558,0
19559,0
19571,0
19573,0
19574,0
19575,0
19584,0
19592,0
19600,0
19611,0
19612,0
19629,0
19639,0
19643,0
19644,0
19645,0
19653,0
19676,0
19695,0
19701,0
19705,0
19709,0
19711,0
19726,0
19735,0
19737,0
19748,0
19750,0
19785,0
19806,0
19816,0
19819,0
19826,0
19827,0
19832,0
19838,1
19846,0
19848,0
19851,0
19859,0
19862,0
19885,0
19896,0
19897,0
19902,0
19903,0
19932,0
19941,0
19951,0
19956,0
19959,0
19973,0
19975,0
19976,0
19978,0
19979,0
19987,0
20008,0
20021,0
20030,0
20037,0
20044,0
20053,0
20063,0
20080,0
20082,0
20086,0
20093,0
20097,0
20099,0
20116,0
20117,0
20119,0
20130,0
20139,0
20140,0
20142,0
20151,0
20157,0
20163,0
20171,0
20175,0
20177,1
20182,0
20183,0
20189,0
20194,0
20196,0
20207,0
20210,0
20216,0
20241,0
20242,0
20247,0
20251,0
20254,0
20258,0
20259,0
20267,0
20270,0
20291,0
20301,0
20309,0
20310,0
20313,0
20333,1
20337,0
20341,0
20345,0
20354,0
20369,0
20373,0
20377,0
20378,0
20403,0
20411,0
20414,0
20429,0
20480,0
20485,0
20487,0
20497,0
20501,0
20503,0
20513,0
20517,0
20519,0
20530,0
20536,0
20538,0
20539,0
20554,0
20556,0
20578,0
20582,0
20595,0
20596,0
20600,0
20606,0
20613,0
20621,0
20625,0
20628,0
20642,0
20643,1
20646,0
20653,0
20663,0
20671,0
20678,0
20689,0
20691,0
20696,0
20700,0
20707,0
20722,0
20727,0
20730,0
20743,0
20747,0
20756,0
20760,0
20777,0
20783,0
20784,0
20795,0
20808,0
20822,0
20846,0
20853,0
20864,0
20868,0
20872,0
20875,0
20876,0
20878,0
20881,0
20882,0
20888,0
20889,0
20906,0
20908,0
20911,0
20916,0
20927,0
20932,0
20944,0
20968,0
20975,0
20984,0
20992,0
21004,0
21051,0
21076,0
21080,0
21085,0
21094,0
21105,0
21106,0
21119,0
21125,0
21137,0
21154,0
21155,0
21166,0
21168,0
21181,0
21197,0
21209,0
21216,0
21217,0
21227,0
21240,0
21256,0
21263,0
21269,0
21280,0
21282,0
21286,0
21306,0
21307,0
21320,0
21334,0
21341,0
21349,0
21351,0
21359,0
21366,0
21367,0
21371,0
21372,1
21383,1
21394,0
21407,0
21410,1
21423,0
21424,0
21429,0
21432,0
21434,0
21457,0
21464,0
21466,0
21478,0
21483,1
21493,0
21512,0
21527,0
21534,0
21542,0
21552,0
21566,0
21569,0
21573,0
21580,0
21596,0
21608,0
21611,0
21612,0
21613,0
21618,0
21621,1
21623,0
21627,0
21628,0
21654,0
21656,0
21670,0
21678,0
21685,0
21689,0
21691,0
21696,0
21703,0
21706,1
21708,0
21709,0
21718,0
21720,0
21747,0
21750,0
21754,0
21757,0
21769,0
21771,0
21773,0
21785,0
21796,0
21802,0
21807,0
21812,0
21823,0
21828,0
21830,0
21832,0
21846,0
21851,0
21854,0
21855,0
21858,0
21868,0
21888,0
21894,0
21897,0
21902,0
21923,0
21927,0
21929,0
21930,0
21931,0
21963,0
21995,0
21997,0
21998,0
22001,0
22005,0
22006,0
22007,0
22015,0
22019,0
22024,0
22028,0
22033,0
22037,0
22038,0
22044,0
22050,0
22055,0
22064,0
22067,0
22093,0
22101,0
22105,0
22112,0
22120,0
22122,0
22129,0
22139,0
22140,0
22141,0
22163,0
22164,1
22173,0
22174,0
22175,0
22183,0
22185,0
22191,0
22204,0
22208,0
22215,0
22223,0
22231,0
22241,0
22242,0
22266,0
22272,0
22274,0
22304,0
22320,0
22321,0
22325,0
22332,0
22333,0
22360,0
22364,0
22369,0
22374,0
22375,0
22395,0
22399,0
22404,0
22405,0
22410,0
22417,0
22424,0
22463,0
22475,0
22476,0
22480,0
22481,0
22484,0
22490,0
22512,0
22514,0
22515,0
22518,0
22539,0
22543,0
22555,0
22564,0
22601,0
22604,0
22608,0
22610,0
22611,0
22612,0
22614,0
22615,0
22635,0
22637,0
22640,0
22654,0
22655,0
22660,0
22665,0
22668,0
22678,0
22689,0
22690,0
22694,0
22701,0
22708,0
22740,0
22755,0
22768,0
22769,0
22773,0
22774,0
22785,0
22787,0
22794,0
22803,0
22814,0
22820,0
22825,0
22829,0
22850,0
22851,0
22865,0
22882,0
22889,0
22893,0
22895,0
22900,0
22909,0
22918,0
22925,0
22932,0
22939,0
22944,0
22946,0
22951,0
22956,0
22963,0
22973,0
22989,0
22998,0
23000,0
23005,0
23014,0
23021,0
23045,0
23052,0
23053,0
23063,0
23064,0
23079,0
23087,0
23090,0
23102,0
23106,0
23122,0
23130,0
23131,0
23135,0
23136,0
23141,0
23145,0
23160,0
23177,0
23183,0
23189,0
23195,0
23215,0
23219,0
23228,0
23229,0
23246,0
23254,0
23262,0
23272,0
23279,0
23289,0
23297,0
23298,0
23307,0
23314,0
23329,0
23332,0
23341,0
23349,0
23369,0
23380,0
23421,0
23422,0
23423,0
23432,0
23438,1
23466,0
23472,0
23482,0
23483,0
23486,0
23491,0
23499,0
23508,0
23510,0
23513,1
23517,0
23518,0
23524,0
23525,0
23547,0
23551,0
23555,0
23564,0
23574,0
23577,0
23580,0
23585,0
23611,0
23612,0
23621,0
23635,0
23639,0
23644,0
23654,0
23664,0
23666,0
23677,0
23686,0
23711,0
23720,0
23721,0
23737,0
23743,0
23745,0
23747,0
23761,0
23767,0
23781,0
23784,0
23787,0
23791,0
23797,0
23803,0
23809,0
23814,0
23819,0
23831,0
23834,0
23866,0
23870,0
23876,0
23881,0
23894,0
23900,0
23901,0
23903,0
23906,0
23909,0
23911,0
23924,0
23929,0
23934,0
23943,0
23961,0
23962,0
23978,0
23981,0
23982,0
23993,0
24004,0
24006,0
24028,0
24040,0
24045,0
24055,0
24056,0
24082,0
24083,0
24093,0
24095,0
24100,0
24107,0
24117,0
24118,0
24120,0
24164,0
24179,0
24187,0
24188,0
24194,0
24211,1
24216,0
24230,0
24242,0
24252,0
24256,0
24271,0
24275,0
24278,0
24279,0
24283,0
24284,0
24300,0
24304,0
24306,0
24322,0
24323,0
24330,0
24331,0
24343,0
24352,0
24364,0
24370,0
24380,0
24388,0
24389,1
24398,0
24399,0
24412,0
24441,0
24446,0
24447,0
24448,0
24451,0
24456,0
24461,0
24476,0
24478,0
24480,0
24490,0
24491,0
24503,0
24505,0
24513,0
24545,0
24553,0
24555,0
24561,0
24564,0
24567,0
24572,0
24576,0
24586,0
24591,0
24592,0
24598,0
24600,0
24613,0
24620,0
24627,0
24630,0
24633,0
24657,0
24658,0
24664,0
24689,0
24690,0
24692,0
24710,0
24718,0
24743,0
24756,0
24757,1
24767,0
24773,0
24780,0
24787,0
24793,0
24816,0
24818,0
24825,0
24827,0
24833,0
24838,0
24841,0
24843,0
24851,0
24856,0
24874,0
24877,0
24882,0
24883,0
24906,0
24907,0
24913,0
24919,0
24922,0
24925,0
24941,0
24947,0
24948,0
24949,0
24974,0
24999,0
25006,1
25013,0
25029,0
25037,0
25065,0
25069,0
25086,0
25088,0
25098,0
25100,0
25103,0
25104,0
25107,0
25119,0
25129,0
25135,0
25147,0
25158,0
25163,1
25167,0
25187,0
25206,0
25212,0
25216,0
25219,0
25221,0
25242,0
25247,0
25262,1
25265,0
25281,0
25284,0
25285,0
25292,0
25310,0
25315,0
25343,0
25349,0
25367,0
25371,0
25382,0
25392,0
25393,0
25398,0
25404,0
25405,0
25409,0
25413,0
25421,0
25434,0
25442,0
25444,0
25473,0
25477,0
25484,0
25486,0
25497,0
25509,0
25528,0
25530,0
25534,0
25535,0
25540,0
25565,0
25580,0
25589,0
25590,0
25597,1
25601,0
25603,0
25608,0
25609,0
25610,0
25622,0
25627,0
25635,0
25637,0
25639,0
25657,0
25658,1
25673,0
25676,0
25682,0
25687,0
25708,0
25711,0
25732,0
25736,0
25751,0
25769,0
25775,0
25776,0
25780,0
25783,0
25787,0
25798,0
25804,0
25805,0
25809,0
25818,0
25825,0
25826,0
25828,0
25834,0
25838,0
25856,0
25870,0
25875,0
25891,0
25893,0
25895,0
25898,0
25919,0
25924,0
25932,0
25935,1
25939,0
25951,0
25953,0
25954,0
25956,0
25958,0
26003,0
26010,0
26013,0
26017,0
26022,1
26030,0
26033,0
26038,0
26042,0
26044,0
26045,0
26046,0
26059,0
26063,0
26069,0
26071,0
26087,1
26090,0
26091,0
26092,0
26106,0
26121,0
26136,0
26139,0
26144,1
26168,0
26171,0
26186,0
26191,0
26193,0
26197,0
26199,1
26208,0
26210,0
26212,0
26234,0
26237,0
26238,0
26267,0
26268,0
26274,0
26275,0
26281,0
26299,0
26311,0
26323,0
26328,0
26334,0
26351,0
26359,0
26360,0
26390,0
26397,0
26399,1
26419,0
26421,0
26429,0
26433,0
26441,0
26449,0
26457,0
26473,1
26482,0
26483,0
26485,0
26486,0
26492,0
26500,0
26523,0
26540,0
26541,0
26544,0
26550,0
26551,0
26566,0
26568,0
26576,0
26580,0
26581,0
26589,0
26590,0
26597,0
26598,0
26613,0
26619,0
26628,0
26630,0
26651,0
26660,0
26666,0
26667,0
26668,0
26681,0
26702,0
26713,0
26724,0
26761,0
26777,0
26799,0
26811,1
26818,0
26823,0
26839,0
26847,0
26856,0
26868,0
26883,0
26895,0
26908,0
26928,0
26942,0
26956,0
26957,0
26979,0
26985,0
26986,0
26992,0
27002,0
27009,0
27013,0
27021,0
27037,0
27038,0
27039,0
27042,0
27050,0
27051,0
27061,0
27080,0
27086,0
27087,0
27092,0
27094,0
27120,0
27125,0
27138,0
27144,0
27150,0
27158,0
27165,0
27176,0
27177,0
27179,0
27181,0
27185,0
27187,0
27188,0
27191,0
27195,0
27202,0
27203,0
27218,0
27225,0
27227,0
27233,0
27248,0
27259,0
27272,0
27275,0
27276,0
27292,0
27312,0
27314,0
27321,0
27330,0
27336,0
27339,0
27343,0
27349,0
27372,0
27377,0
27398,0
27401,1
27403,0
27411,0
27423,0
27424,0
27432,0
27440,0
27441,0
27450,0
27454,1
27456,0
27459,0
27462,0
27466,0
27467,0
27474,0
27475,0
27482,0
27487,0
27488,0
27491,0
27492,0
27493,0
27517,0
27518,0
27527,0
27531,0
27536,0
27544,0
27548,0
27549,0
27556,0
27557,0
27586,0
27590,0
27594,0
27595,0
27614,0
27617,0
27625,0
27626,0
27634,0
27648,1
27653,0
27656,0
27661,0
27666,0
27669,0
27670,0
27675,0
27691,0
27696,1
27722,0
27744,1
27772,0
27777,0
27787,0
27790,0
27811,0
27821,0
27848,0
27849,0
27852,0
27854,0
27861,0
27863,0
27868,0
27883,0
27884,0
27893,0
27898,0
27906,0
27915,0
27930,0
27931,0
27939,0
27946,0
27947,1
27948,0
27951,0
27962,0
27984,0
27986,0
28017,0
28039,0
28047,0
28053,0
28059,0
28064,1
28073,0
28081,0
28082,0
28086,0
28090,0
28095,0
28096,0
28099,0
28104,0
28123,0
28130,0
28142,0
28144,0
28147,0
28165,0
28168,1
28170,0
28174,0
28179,0
28188,0
28190,1
28198,0
28199,0
28200,0
28205,0
28207,0
28213,0
28233,0
28235,0
28240,0
28253,0
28259,0
28261,0
28290,0
28298,0
28301,0
28307,0
28318,0
28323,0
28329,0
28330,0
28346,0
28351,0
28364,0
28368,0
28370,0
28375,1
28392,0
28407,0
28412,0
28422,0
28438,0
28443,0
28466,0
28478,0
28497,0
28499,0
28500,0
28504,0
28507,0
28508,0
28546,0
28547,0
28561,0
28563,0
28574,0
28605,0
28610,0
28633,0
28647,0
28665,1
28669,0
28671,0
28676,0
28678,0
28685,0
28701,0
28721,0
28723,1
28734,0
28746,0
28758,0
28784,0
28800,0
28808,0
28812,0
28814,0
28817,0
28833,0
28835,0
28851,0
28855,0
28858,0
28859,0
28870,0
28872,0
28880,0
28896,0
28898,0
28904,0
28905,0
28923,0
28928,0
28939,0
28945,0
28947,0
28950,0
28958,0
28966,0
28972,0
28980,1
28992,0
28997,0
29001,0
29015,0
29016,1
29017,0
29036,0
29037,0
29040,0
29043,0
29064,0
29069,0
29071,0
29078,0
29084,0
29092,0
29095,0
29110,0
29114,0
29120,0
29128,0
29140,0
29158,0
29160,0
29161,0
29162,1
29175,0
29192,0
29195,0
29196,0
29206,0
29216,0
29217,0
29230,0
29232,0
29236,0
29269,0
29299,0
29301,0
29339,0
29340,0
29344,0
29357,0
29380,0
29387,0
29388,0
29392,0
29394,0
29403,0
29404,0
29406,0
29408,0
29415,0
29416,0
29419,0
29421,0
29424,0
29425,0
29437,0
29438,0
29442,0
29447,0
29470,1
29475,0
29490,0
29491,0
29500,0
29505,0
29517,0
29536,0
29547,0
29551,0
29587,0
29594,0
29597,0
29598,0
29599,0
29604,0
29611,0
29622,0
29624,0
29659,0
29668,0
29693,0
29697,0
29706,0
29717,0
29725,0
29726,0
29749,0
29758,0
29767,0
29768,0
29770,0
29792,0
29793,0
29798,0
29805,0
29812,0
29813,0
29814,0
29823,0
29827,0
29838,1
29855,1
29857,0
29861,0
29872,0
29875,0
29877,0
29889,1
29896,0
29901,0
29903,0
29908,0
29909,0
29919,0
29922,0
29930,0
29931,0
29946,0
29950,0
29958,0
29960,0
29969,0
29972,0
29988,0
29989,0
29991,1
29993,0
29999,0
30014,0
30035,0
30053,0
30060,0
30071,0
30076,0
30077,0
30099,0
30115,0
30116,1
30127,0
30134,0
30136,0
30141,0
30143,0
30148,0
30157,0
30166,0
30173,0
30193,0
30197,0
30199,0
30212,0
30219,0
30232,0
30241,0
30255,0
30273,1
30274,0
30277,0
30282,0
30283,1
30284,0
30289,0
30295,0
30304,0
30306,0
30332,0
30343,0
30349,0
30357,0
30363,0
30364,0
30377,0
30391,1
30407,0
30429,0
30437,1
30446,0
30452,0
30456,0
30460,0
30464,0
30466,0
30472,0
30481,0
30498,0
30505,0
30518,0
30522,0
30532,0
30533,0
30537,0
30549,0
30553,0
30559,0
30560,0
30562,0
30569,0
30590,0
30593,0
30594,0
30616,0
30622,0
30644,0
30651,0
30667,0
30699,0
30701,0
30709,0
30713,0
30720,1
30723,0
30734,1
30743,0
30745,0
30747,0
30750,0
30751,0
30753,0
30755,0
30760,0
30772,0
30773,0
30789,0
30796,0
30797,0
30802,0
30820,0
30821,0
30822,0
30834,0
30841,0
30842,0
30877,0
30878,0
30879,0
30884,0
30893,0
30912,1
30918,0
30933,0
30935,0
30949,0
30950,0
30952,0
30962,0
30968,0
30973,0
30983,0
30984,0
31001,0
31015,0
31026,0
31036,0
31044,0
31045,0
31091,1
31101,0
31108,1
31116,0
31118,0
31150,0
31153,0
31156,1
31166,0
31179,0
31181,0
31203,0
31212,1
31215,0
31222,1
31225,0
31226,0
31232,0
31258,0
31263,0
31284,0
31288,0
31291,0
31297,0
31328,0
31340,0
31344,0
31348,0
31365,0
31367,0
31384,0
31408,0
31409,0
31413,0
31418,0
31430,0
31437,0
31438,0
31444,0
31446,0
31450,0
31451,0
31464,0
31465,0
31467,0
31475,0
31480,1
31481,0
31485,0
31492,0
31495,0
31496,0
31505,0
31522,1
31540,0
31560,0
31563,0
31576,0
31587,0
31591,0
31594,0
31600,0
31610,0
31643,0
31645,0
31646,0
31652,0
31668,0
31678,0
31693,0
31695,0
31698,0
31705,0
31707,0
31710,0
31713,0
31718,0
31719,0
31723,0
31729,0
31732,0
31741,0
31763,0
31782,0
31784,0
31791,0
31797,0
31802,0
31805,0
31842,0
31847,0
31857,1
31860,0
31864,0
31875,0
31878,0
31882,0
31883,0
31889,0
31902,0
31915,0
31916,0
31917,0
31921,0
31928,0
31956,0
31963,0
32000,0
32004,0
32012,1
32018,0
32031,0
32035,0
32042,0
32047,0
32068,0
32071,0
32079,1
32095,0
32101,0
32145,0
32166,0
32176,0
32186,0
32197,0
32199,0
32224,0
32231,0
32234,0
32235,0
32241,0
32247,0
32248,0
32250,0
32251,0
32273,0
32277,0
32284,0
32309,0
32315,0
32316,0
32323,0
32329,0
32342,0
32348,0
32354,0
32357,0
32368,0
32373,0
32378,0
32381,0
32388,0
32402,0
32411,0
32421,0
32431,0
32448,0
32454,0
32455,0
32457,0
32460,0
32461,0
32463,0
32494,0
32507,0
32512,0
32522,0
32530,0
32533,0
32534,1
32537,0
32555,0
32557,0
32569,0
32582,0
32584,0
32590,0
32609,0
32612,0
32624,0
32636,0
32638,0
32641,0
32645,0
32649,0
32652,0
32655,0
32667,0
32676,0
32698,0
32701,0
32702,0
32717,0
32719,0
32720,0
32721,0
32723,0
32725,0
32732,0
32742,0
32747,0
32748,0
32755,0
32765,0
32767,0
32777,0
32785,0
32798,0
32813,0
32816,0
32835,0
32836,0
32838,0
32848,0
32854,0
32864,0
32876,0
32887,0
32888,0
32910,0
32911,0
32912,0
32926,0
32969,0
32971,0
32975,0
32976,0
32978,0
32979,0
32989,0
32993,0
32998,0
33007,0
33008,0
33022,0
33023,0
33037,0
33050,0
33052,0
33064,0
33077,0
33092,0
33099,0
33102,0
33104,0
33105,0
33107,0
33113,0
33119,0
33126,0
33145,0
33166,0
33172,0
33173,0
33177,0
33179,0
33181,0
33191,0
33206,0
33211,0
33214,0
33256,0
33257,0
33258,0
33262,0
33266,0
33267,0
33271,0
33276,0
33284,1
33287,0
33290,0
33297,0
33315,0
33328,0
33330,0
33335,0
33340,0
33343,0
33349,1
33350,0
33361,0
33381,0
33404,0
33405,0
33414,0
33415,0
33436,0
33440,0
33449,0
33452,0
33470,0
33477,0
33495,0
33499,0
33502,0
33509,0
33517,0
33520,0
33521,0
33531,0
33533,0
33537,1
33538,0
33550,0
33553,0
33555,0
33560,0
33570,0
33576,0
33584,0
33589,0
33593,0
33594,0
33597,0
33605,0
33607,0
33613,0
33618,0
33620,0
33622,0
33623,0
33625,0
33635,0
33637,0
33640,0
33643,0
33661,0
33663,0
33665,0
33678,0
33691,0
33708,0
33713,0
33729,0
33733,0
33738,0
33745,0
33754,0
33756,1
33768,0
33770,0
33781,0
33791,0
33817,0
33829,0
33831,0
33836,0
33847,0
33866,0
33867,0
33869,0
33878,0
33882,0
33891,0
33892,0
33895,0
33910,0
33933,0
33953,0
33957,0
33959,0
33968,0
33979,0
34032,0
34035,0
34038,0
34042,0
34054,0
34089,0
34094,0
34144,0
34145,0
34151,0
34156,0
34157,0
34159,0
34164,0
34166,0
34173,0
34208,0
34218,0
34220,0
34227,0
34246,0
34269,0
34273,0
34280,0
34284,0
34292,0
34296,0
34317,0
34319,0
34323,0
34326,0
34331,0
34333,0
34338,0
34340,0
34361,0
34371,0
34377,0
34385,0
34389,0
34405,0
34418,0
34420,1
34421,0
34423,0
34430,0
34431,0
34433,0
34440,0
34442,0
34443,0
34446,0
34470,0
34477,0
34501,0
34527,0
34529,0
34531,0
34532,0
34539,0
34555,1
34561,0
34570,0
34574,0
34581,0
34583,0
34599,0
34601,0
34606,0
34619,0
34623,0
34633,0
34635,0
34638,0
34647,0
34660,0
34662,0
34672,0
34675,0
34684,0
34688,0
34692,1
34693,0
34701,0
34717,0
34723,0
34755,0
34762,0
34781,0
34788,0
34789,0
34794,0
34807,1
34812,0
34822,0
34827,0
34834,0
34845,1
34850,0
34858,0
34860,0
34861,0
34863,0
34884,0
34897,0
34908,0
34913,0
34915,0
34916,0
34933,0
34946,0
34947,0
34948,0
34950,0
34954,0
34968,0
34996,0
35012,0
35015,0
35016,1
35020,1
35022,0
35034,0
35037,0
35051,0
35059,0
35065,0
35079,0
35083,0
35084,0
35094,0
35095,0
35097,0
35098,0
35112,0
35121,0
35160,0
35161,0
35165,0
35170,0
35174,1
35175,0
35186,0
35192,0
35196,0
35208,0
35214,0
35223,0
35226,0
35231,0
35239,0
35240,0
35249,0
35263,0
35275,0
35290,0
35291,0
35297,0
35305,1
35309,0
35329,0
35333,0
35344,0
35359,0
35369,0
35373,0
35375,0
35381,0
35396,0
35397,0
35398,1
35399,0
35401,0
35405,0
35408,0
35422,0
35431,0
35441,0
35444,0
35452,0
35464,0
35468,0
35479,0
35486,0
35491,0
35492,0
35519,0
35521,0
35522,0
35526,0
35527,0
35549,0
35558,0
35562,0
35568,0
35587,0
35598,0
35606,0
35615,0
35620,1
35623,0
35626,0
35631,0
35635,0
35641,0
35655,0
35664,0
35666,0
35678,0
35683,0
35689,0
35690,0
35701,1
35709,0
35712,0
35730,0
35732,0
35733,0
35734,0
35738,1
35759,0
35777,0
35778,0
35781,0
35808,0
35811,1
35819,0
35849,0
35868,0
35881,0
35884,0
35900,0
35901,0
35902,0
35905,0
35906,0
35916,0
35923,0
35962,0
35963,0
35973,0
35978,0
35979,0
35980,0
35986,0
35994,0
35997,0
36008,0
36009,0
36011,0
36015,0
36020,0
36024,0
36026,0
36033,0
36039,0
36049,0
36062,0
36070,0
36071,0
36081,0
36082,0
36083,0
36102,0
36104,0
36106,1
36115,0
36126,0
36129,0
36144,0
36166,0
36168,0
36187,0
36203,0
36206,0
36209,0
36217,0
36220,0
36230,0
36260,0
36261,0
36284,0
36295,0
36300,0
36321,0
36324,0
36325,0
36326,0
36343,0
36367,0
36373,0
36381,0
36384,0
36393,0
36399,0
36427,0
36430,0
36431,1
36435,0
36439,0
36440,0
36464,0
36466,0
36469,0
36475,0
36486,0
36500,0
36508,0
36516,0
36531,0
36540,0
36545,0
36553,0
36554,0
36555,0
36575,0
36585,0
36591,0
36598,0
36610,0
36612,0
36615,0
36617,0
36619,0
36626,0
36628,0
36631,0
36635,1
36644,0
36650,1
36652,0
36657,0
36668,0
36678,0
36686,0
36693,0
36702,0
36719,0
36724,0
36734,0
36741,0
36745,0
36759,0
36760,0
36762,0
36764,1
36767,0
36775,0
36778,0
36779,0
36790,0
36793,1
36797,1
36810,0
36813,1
36816,0
36818,0
36821,0
36827,0
36831,0
36849,0
36866,0
36867,0
36875,0
36881,0
36888,0
36895,0
36902,0
36920,0
36930,0
36943,0
36951,0
36961,0
36963,0
36964,0
36971,0
36980,0
36984,0
36987,0
37001,0
37004,0
37008,1
37010,0
37016,0
37027,0
37028,0
37047,0
37065,0
37075,0
37079,0
37083,0
37086,0
37090,0
37091,0
37103,0
37113,0
37119,0
37122,0
37139,0
37148,0
37173,0
37178,0
37182,0
37185,1
37187,0
37191,0
37202,0
37207,0
37208,0
37211,0
37217,0
37226,0
37239,0
37258,0
37259,0
37261,0
37263,0
37276,0
37278,0
37285,1
37316,0
37325,0
37337,0
37343,0
37353,0
37364,0
37365,0
37372,0
37381,0
37389,0
37391,0
37395,0
37398,0
37400,0
37401,0
37403,0
37410,0
37435,0
37465,0
37481,0
37485,0
37494,0
37499,0
37501,0
37502,0
37504,0
37507,0
37511,0
37516,0
37517,0
37529,0
37531,0
37534,0
37540,0
37543,0
37547,0
37551,0
37552,0
37561,0
37578,0
37588,0
37590,0
37605,0
37610,0
37626,0
37627,0
37629,0
37639,0
37650,0
37654,0
37655,0
37656,0
37662,0
37663,0
37666,0
37675,0
37677,0
37684,0
37686,1
37691,0
37701,0
37707,0
37714,0
37718,0
37741,0
37745,0
37752,0
37765,0
37770,0
37772,0
37780,0
37785,0
37790,0
37797,0
37805,0
37808,0
37812,0
37815,0
37818,0
37826,0
37835,0
37882,0
37883,0
37885,1
37893,0
37903,0
37910,0
37916,0
37933,0
37971,1
37992,0
37993,0
38002,0
38006,0
38014,0
38016,0
38022,0
38049,0
38052,0
38055,1
38065,0
38068,0
38072,0
38089,0
38095,0
38119,0
38124,0
38133,0
38166,0
38177,0
38201,0
38204,0
38211,0
38221,0
38228,0
38230,0
38240,0
38243,0
38256,0
38259,0
38267,0
38270,0
38276,1
38282,0
38289,1
38303,0
38306,1
38307,0
38320,0
38328,0
38347,0
38352,0
38353,0
38365,0
38370,0
38376,0
38377,0
38390,0
38391,0
38397,0
38398,0
38406,0
38430,0
38438,0
38443,0
38444,0
38446,0
38448,0
38450,0
38456,0
38458,0
38461,0
38472,0
38496,0
38511,0
38513,0
38525,0
38548,0
38551,0
38560,0
38562,1
38564,0
38571,0
38573,0
38574,0
38589,0
38597,0
38598,0
38603,0
38605,0
38613,0
38618,1
38621,0
38623,0
38633,0
38634,0
38636,0
38646,0
38652,0
38655,0
38663,0
38666,0
38684,0
38688,0
38694,0
38695,0
38738,0
38743,0
38759,0
38764,0
38767,0
38781,0
38782,1
38783,0
38785,0
38791,0
38792,0
38798,1
38801,0
38806,0
38810,0
38812,0
38814,0
38830,0
38831,0
38836,0
38854,0
38856,0
38898,0
38908,0
38912,0
38946,0
38951,0
38954,0
38956,0
38957,0
38963,0
38965,0
38986,0
38987,0
38989,0
39002,0
39005,1
39008,0
39010,0
39013,0
39016,0
39032,0
39038,1
39042,0
39044,0
39051,0
39065,0
39069,0
39072,0
39076,0
39089,0
39096,0
39097,0
39102,0
39111,0
39114,0
39122,0
39125,0
39135,0
39140,1
39148,0
39150,0
39160,0
39188,0
39229,0
39239,0
39245,0
39258,0
39260,0
39284,0
39286,0
39290,0
39325,0
39327,0
39329,0
39333,1
39341,0
39343,0
39355,0
39358,0
39360,0
39364,0
39384,0
39387,0
39388,0
39406,0
39408,0
39410,0
39415,0
39425,0
39428,0
39447,0
39453,0
39454,1
39459,0
39462,0
39465,0
39471,0
39481,0
39489,0
39490,0
39511,0
39514,0
39516,0
39519,0
39523,0
39541,0
39554,0
39555,0
39556,0
39568,0
39570,0
39577,0
39584,0
39601,0
39608,0
39612,0
39622,0
39629,0
39644,1
39645,0
39660,1
39686,0
39733,0
39737,0
39741,0
39753,0
39758,0
39763,0
39766,0
39768,0
39777,0
39790,0
39802,0
39811,0
39814,0
39819,0
39828,0
39838,0
39840,0
39855,0
39862,0
39880,0
39884,0
39893,0
39895,0
39914,0
39916,0
39921,0
39922,0
39925,0
39929,0
39938,0
39942,0
39945,0
39949,0
39950,0
39952,0
39957,1
39977,0
39983,0
39987,0
39989,0
40005,0
40007,0
40009,0
40014,0
40024,0
40029,0
40038,0
40040,0
40049,0
40060,0
40072,0
40081,0
40082,0
40083,0
40088,0
40091,0
40098,0
40099,0
40101,0
40106,0
40112,0
40114,0
40125,0
40138,0
40140,0
40145,0
40157,0
40161,0
40182,0
40185,0
40186,0
40188,0
40203,0
40213,0
40222,1
40232,0
40241,0
40254,0
40258,0
40263,0
40272,0
40302,0
40309,0
40317,0
40326,0
40327,0
40331,1
40354,0
40359,0
40360,0
40376,0
40380,0
40399,0
40407,0
40408,0
40413,0
40416,0
40417,0
40422,1
40430,0
40453,0
40456,0
40459,0
40464,0
40479,0
40485,0
40490,0
40491,0
40506,0
40509,0
40522,0
40541,0
40555,0
40559,0
40573,0
40593,0
40601,0
40615,0
40617,0
40619,0
40634,1
40659,0
40674,0
40681,0
40689,0
40690,0
40696,0
40703,0
40709,0
40724,0
40742,0
40750,0
40752,0
40755,0
40762,0
40764,0
40770,0
40778,0
40779,0
40780,0
40787,0
40795,0
40797,0
40810,0
40834,0
40835,0
40838,0
40839,0
40842,0
40843,0
40849,0
40853,0
40855,0
40856,0
40860,0
40865,1
40866,0
40883,0
40886,0
40887,0
40888,0
40893,0
40897,0
40907,1
40909,0
40918,0
40926,0
40934,0
40946,0
40956,0
40960,0
40968,0
40969,0
40988,0
40999,0
41004,0
41005,0
41035,0
41046,0
41051,0
41063,0
41066,0
41073,0
41079,0
41081,0
41082,0
41088,0
41097,0
41105,0
41107,0
41110,0
41125,0
41133,0
41145,0
41149,0
41150,0
41154,0
41168,0
41175,0
41179,0
41181,0
41182,0
41195,0
41197,0
41200,0
41205,0
41208,0
41209,0
41219,0
41233,0
41242,1
41244,0
41245,0
41247,0
41250,0
41251,0
41260,0
41262,0
41263,0
41265,1
41266,0
41271,0
41277,0
41288,0
41292,0
41297,0
41308,0
41314,0
41315,0
41319,0
41327,0
41330,0
41331,0
41338,0
41339,0
41345,0
41353,0
41356,0
41365,0
41368,0
41374,0
41403,0
41405,0
41410,0
41414,0
41423,0
41425,0
41433,0
41441,0
41443,0
41444,0
41453,0
41457,0
41462,0
41463,0
41468,0
41475,0
41479,0
41486,0
41492,0
41514,0
41518,0
41521,0
41525,0
41526,0
41527,0
41542,1
41546,0
41555,1
41556,0
41560,0
41564,0
41571,0
41572,0
41575,0
41581,0
41601,0
41609,0
41623,0
41627,0
41639,0
41640,0
41641,0
41643,0
41655,0
41657,0
41659,0
41662,0
41663,0
41668,0
41688,0
41694,0
41698,0
41699,1
41713,0
41718,0
41721,0
41724,0
41733,0
41739,0
41763,0
41768,0
41770,0
41773,0
41790,1
41796,0
41803,0
41805,0
41813,0
41816,0
41837,0
41846,0
41848,0
41849,0
41860,0
41870,0
41871,0
41887,0
41916,0
41917,0
41931,0
41937,0
41941,0
41950,0
41965,0
41978,0
41980,0
41984,0
41986,0
41988,0
41989,0
41998,0
42013,0
42016,0
42019,0
42022,0
42025,0
42027,0
42029,0
42032,0
42035,0
42049,1
42050,0
42065,0
42068,0
42083,0
42086,0
42089,0
42099,0
42102,0
42110,0
42113,0
42116,0
42118,0
42121,0
42133,0
42147,0
42169,0
42172,0
42175,0
42182,0
42192,1
42194,1
42199,0
42209,0
42214,0
42216,0
42217,0
42218,0
42221,0
42236,0
42245,0
42253,0
42259,0
42282,0
42287,0
42288,0
42295,0
42307,0
42319,0
42324,0
42325,0
42352,0
42357,0
42367,0
42370,0
42383,0
42386,0
42394,0
42396,1
42401,1
42405,0
42427,0
42437,0
42444,0
42452,0
42461,0
42464,0
42469,0
42472,0
42476,0
42485,0
42509,0
42510,0
42512,1
42516,0
42519,0
42520,0
42533,0
42538,0
42539,0
42544,0
42547,1
42549,0
42563,0
42571,0
42574,0
42578,0
42581,0
42593,0
42613,0
42625,0
42635,0
42657,0
42675,0
42676,0
42677,0
42686,0
42698,0
42707,0
42729,0
42736,0
42747,0
42748,0
42756,0
42761,0
42766,0
42776,0
42778,0
42789,0
42793,0
42810,0
42811,0
42817,0
42822,0
42824,0
42831,0
42843,0
42844,0
42847,0
42849,0
42851,0
42860,1
42884,0
42885,0
42887,0
42890,1
42893,0
42896,0
42910,0
42918,0
42924,1
42930,0
42960,0
42965,0
42979,0
42984,0
42986,0
42988,0
43027,0
43035,0
43037,0
43051,0
43074,0
43077,0
43084,0
43105,0
43111,0
43114,0
43117,0
43124,0
43125,0
43129,0
43131,0
43133,1
43144,0
43151,1
43164,0
43171,0
43181,0
43194,0
43197,0
43202,0
43204,0
43212,0
43214,0
43216,0
43237,0
43241,0
43258,0
43264,0
43265,0
43274,0
43291,0
43305,0
43311,0
43315,0
43323,0
43365,0
43373,0
43397,0
43401,0
43406,0
43409,0
43414,0
43423,0
43428,0
43432,0
43435,0
43451,0
43462,0
43465,0
43468,0
43469,0
43472,0
43476,0
43494,0
43497,0
43503,0
43513,0
43523,0
43528,0
43536,0
43538,0
43563,0
43565,0
43571,0
43581,0
43597,0
43605,0
43617,0
43619,0
43624,0
43630,0
43639,0
43642,0
43649,0
43677,0
43696,0
43699,0
43713,0
43723,0
43734,0
43745,0
43765,0
43779,0
43781,0
43789,0
43797,0
43802,0
43803,0
43804,0
43813,0
43814,0
43823,0
43835,0
43842,0
43843,0
43847,0
43851,0
43856,1
43865,0
43867,0
43881,0
43882,0
43890,0
43891,0
43902,0
43908,0
43914,0
43922,0
43945,0
43960,0
43963,0
43971,0
43975,0
43985,0
44005,0
44025,0
44028,0
44029,0
44036,0
44041,0
44042,0
44046,1
44049,0
44051,0
44062,0
44076,0
44085,0
44090,0
44109,0
44111,0
44122,0
44128,0
44133,0
44140,0
44144,0
44147,0
44163,0
44166,0
44170,0
44174,0
44183,1
44186,0
44193,0
44198,0
44202,0
44212,0
44216,0
44217,0
44232,0
44239,0
44241,0
44253,0
44263,0
44278,0
44284,0
44287,0
44294,0
44298,0
44306,0
44308,0
44315,0
44320,0
44324,0
44348,0
44357,0
44359,0
44374,0
44378,0
44380,0
44384,0
44388,0
44405,0
44406,0
44410,1
44414,0
44423,0
44424,0
44426,1
44431,1
44433,0
44439,0
44440,0
44443,0
44461,0
44462,0
44473,0
44476,0
44483,0
44497,0
44506,1
44521,0
44547,0
44551,0
44565,0
44600,0
44601,0
44608,0
44617,0
44629,0
44635,0
44642,0
44644,0
44648,0
44657,0
44661,0
44662,0
44663,0
44666,0
44692,0
44693,0
44731,0
44733,0
44742,0
44754,0
44769,0
44793,0
44794,0
44801,0
44806,0
44808,1
44824,0
44847,1
44849,0
44859,0
44863,0
44872,0
44874,0
44882,0
44889,0
44893,0
44896,0
44916,0
44927,0
44930,0
44931,0
44932,0
44933,0
44935,0
44960,0
44964,0
44965,0
44980,0
44983,0
44985,0
44993,0
44994,0
44996,0
44998,0
45001,0
45006,1
45019,0
45022,0
45043,0
45069,0
45073,0
45098,0
45112,0
45114,0
45116,0
45128,0
45144,0
45145,0
45146,0
45163,0
45165,0
45167,0
45172,0
45185,0
45190,0
45193,0
45195,0
45200,0
45208,0
45222,0
45228,0
45237,0
45250,0
45282,0
45283,1
45286,0
45310,0
45319,0
45327,0
45340,0
45342,0
45351,0
45354,0
45362,0
45368,0
45375,0
45387,0
45402,0
45405,0
45431,0
45433,0
45441,0
45461,0
45468,0
45473,0
45489,0
45502,0
45503,0
45507,0
45509,0
45525,0
45532,0
45551,0
45581,0
45583,0
45586,0
45600,0
45602,0
45603,0
45604,0
45611,0
45625,0
45640,0
45641,0
45642,0
45646,0
45662,0
45670,0
45692,0
45697,0
45707,0
45726,1
45736,0
45742,0
45746,0
45757,0
45759,0
45760,0
45761,0
45773,0
45782,0
45785,0
45792,0
45816,0
45823,0
45824,0
45826,0
45830,0
45843,0
45850,0
45851,0
45863,0
45873,0
45891,0
45898,0
45906,0
45911,0
45912,0
45921,0
45924,0
45925,0
45926,0
45942,0
45963,0
45980,0
45982,0
45992,0
45994,0
46006,0
46015,0
46016,0
46020,0
46023,0
46030,0
46053,0
46055,0
46057,0
46060,0
46074,0
46086,0
46087,0
46095,1
46100,0
46104,0
46109,0
46110,0
46115,0
46117,0
46125,0
46132,0
46135,0
46136,0
46145,0
46146,0
46158,0
46169,0
46201,0
46205,0
46218,0
46226,0
46228,1
46244,0
46261,0
46262,0
46281,0
46286,0
46291,0
46294,0
46305,0
46310,0
46329,0
46340,0
46344,0
46347,0
46358,0
46369,0
46370,0
46371,0
46375,0
46380,0
46381,0
46383,0
46413,0
46426,0
46429,0
46435,0
46437,0
46447,0
46465,0
46470,0
46478,0
46479,0
46489,0
46507,0
46512,0
46520,0
46521,0
46533,0
46536,0
46547,0
46558,0
46562,0
46563,0
46566,0
46569,0
46587,0
46595,0
46601,0
46607,0
46608,0
46619,0
46644,0
46652,1
46659,0
46661,0
46666,0
46677,0
46680,0
46684,0
46687,0
46693,0
46714,0
46718,0
46730,0
46749,0
46755,0
46766,0
46771,0
46777,1
46783,0
46785,0
46794,0
46797,0
46843,1
46847,0
46901,0
46907,0
46922,0
46930,0
46931,0
46938,0
46951,0
46954,0
46962,0
46970,0
46974,0
46986,0
46999,0
47027,0
47039,0
47046,0
47072,0
47075,0
47082,0
47089,0
47102,1
47107,0
47111,0
47112,1
47114,0
47120,0
47121,0
47126,0
47150,0
47159,0
47174,0
47183,0
47195,0
47197,0
47207,0
47211,0
47247,0
47258,0
47271,0
47277,0
47279,1
47294,0
47304,0
47313,0
47319,1
47322,0
47334,0
47337,0
47355,0
47361,0
47365,0
47371,0
47375,0
47380,0
47390,0
47396,0
47400,0
47403,0
47410,0
47412,0
47413,0
47448,0
47459,0
47462,0
47464,0
47469,0
47470,1
47474,0
47479,0
47486,0
47499,0
47525,0
47528,0
47530,0
47556,0
47574,0
47598,0
47609,0
47610,0
47623,0
47633,0
47636,0
47648,0
47655,0
47658,0
47677,0
47678,0
47679,0
47695,0
47708,0
47717,0
47721,0
47730,0
47741,0
47765,0
47770,1
47776,1
47784,0
47785,0
47792,0
47802,0
47809,0
47824,0
47825,0
47826,0
47839,0
47843,0
47844,0
47845,0
47859,0
47874,0
47881,0
47888,0
47907,0
47910,0
47926,0
47946,0
47951,0
47963,0
47964,0
47965,0
47970,0
47972,0
47985,0
47987,0
47998,0
48010,0
48011,0
48017,0
48022,0
48037,0
48048,0
48049,0
48050,0
48058,0
48062,0
48067,0
48071,1
48073,0
48085,0
48090,0
48098,0
48101,0
48130,0
48149,0
48153,0
48154,0
48157,0
48163,0
48172,0
48174,0
48177,0
48179,0
48208,0
48210,0
48212,0
48218,0
48222,1
48227,0
48235,0
48239,0
48251,0
48263,0
48274,0
48278,0
48282,0
48286,0
48326,0
48335,0
48348,0
48352,0
48356,0
48368,0
48370,0
48395,0
48397,0
48409,0
48411,0
48412,0
48417,0
48421,0
48438,0
48442,0
48445,1
48466,0
48485,0
48493,0
48495,0
48498,0
48510,0
48514,0
48522,0
48526,0
48529,0
48530,0
48535,0
48556,0
48563,0
48565,0
48572,0
48573,0
48579,0
48586,0
48587,1
48591,0
48598,0
48604,0
48613,0
48625,0
48627,0
48639,0
48643,0
48648,0
48651,0
48659,0
48662,1
48682,0
48692,0
48701,0
48709,0
48711,0
48715,0
48721,0
48741,0
48743,0
48750,0
48772,0
48775,0
48784,0
48790,0
48795,0
48811,0
48834,0
48839,0
48845,0
48862,0
48866,0
48883,0
48919,0
48932,0
48967,0
48988,1
48991,1
48993,0
48994,0
48999,0
49003,0
49010,0
49014,0
49016,0
49033,0
49036,0
49045,0
49052,0
49054,0
49059,0
49061,0
49072,0
49076,0
49079,0
49083,0
49098,0
49102,0
49125,0
49157,0
49158,0
49161,0
49163,0
49165,0
49168,0
49174,0
49186,0
49203,0
49207,0
49211,0
49215,0
49227,0
49238,0
49260,0
49268,1
49281,0
49283,0
49288,0
49303,0
49306,0
49312,0
49315,0
49317,0
49319,0
49341,0
49342,0
49347,0
49348,0
49354,0
49355,0
49363,0
49375,0
49379,0
49385,0
49391,0
49403,0
49415,0
49418,0
49420,0
49431,0
49438,0
49445,0
49456,0
49458,0
49460,0
49462,0
49474,0
49486,0
49487,0
49494,0
49501,0
49507,0
49516,0
49517,0
49527,0
49547,0
49570,0
49575,0
49579,0
49585,0
49589,0
49594,0
49595,0
49600,0
49613,0
49627,0
49641,0
49664,0
49672,0
49674,0
49681,0
49687,0
49689,0
49691,1
49722,0
49742,0
49745,0
49757,0
49763,0
49767,0
49777,1
49792,0
49796,0
49801,0
49803,0
49832,0
49833,0
49838,0
49839,0
49841,0
49844,0
49847,0
49850,0
49872,0
49877,0
49879,0
49907,1
49910,0
49919,0
49927,0
49932,0
49983,0
49988,0
49990,0
49992,0
49998,0
49999,0
50008,0
50015,0
50024,0
50025,0
50037,0
50043,1
50062,0
50071,0
50072,0
50088,0
50096,0
50103,0
50108,0
50111,0
50112,0
50115,0
50122,0
50126,0
50132,0
50167,0
50171,0
50180,0
50197,0
50200,0
50204,0
50205,0
50207,0
50233,0
50239,0
50242,0
50255,0
50256,0
50257,0
50259,0
50260,0
50264,0
50278,0
50305,0
50320,0
50321,0
50324,0
50342,0
50344,0
50349,0
50368,0
50370,0
50383,0
50397,0
50408,0
50425,0
50431,0
50454,0
50461,0
50467,0
50488,0
50493,0
50497,0
50499,0
50523,0
50545,0
50550,0
50563,0
50566,0
50569,0
50573,0
50574,0
50591,0
50597,0
50600,0
50605,0
50613,0
50614,1
50615,0
50618,0
50620,0
50624,0
50630,0
50633,0
50641,0
50668,0
50672,0
50678,0
50679,0
50682,0
50688,0
50691,0
50692,0
50693,0
50694,0
50695,0
50697,0
50698,0
50721,0
50726,0
50727,0
50743,0
50745,0
50764,0
50778,0
50783,0
50795,0
50806,0
50820,0
50832,0
50837,0
50842,0
50845,0
50853,0
50854,0
50857,0
50858,0
50886,0
50887,0
50896,0
50899,0
50903,0
50926,0
50956,0
50968,0
50970,0
50973,0
50985,0
50991,0
51006,0
51023,0
51041,0
51042,1
51052,0
51060,0
51066,0
51074,0
51083,0
51091,0
51095,0
51108,0
51112,0
51113,0
51125,0
51131,0
51132,0
51140,0
51152,0
51173,0
51183,0
51186,0
51187,0
51188,0
51193,0
51202,0
51206,0
51215,0
51218,0
51221,0
51223,0
51231,0
51250,0
51264,0
51267,0
51269,0
51275,0
51280,0
51286,0
51295,0
51309,0
51317,0
51332,0
51333,0
51342,0
51352,0
51355,0
51365,0
51375,1
51377,0
51378,0
51384,0
51387,0
51391,1
51399,0
51402,0
51403,0
51412,0
51427,0
51428,0
51429,0
51436,0
51451,0
51456,0
51472,0
51474,0
51485,0
51497,0
51501,0
51503,1
51517,0
51520,0
51538,0
51545,0
51552,0
51566,0
51579,0
51580,0
51587,0
51597,0
51602,0
51603,0
51605,0
51609,0
51615,0
51633,1
51636,0
51650,0
51655,0
51662,0
51665,1
51668,0
51677,0
51696,0
51698,0
51705,0
51710,0
51736,0
51746,0
51747,0
51805,0
51809,0
51811,0
51815,0
51819,0
51822,0
51824,0
51833,0
51835,0
51848,0
51863,0
51878,0
51881,0
51903,0
51915,0
51930,0
51933,0
51937,0
51941,0
51946,0
51948,0
51955,0
51963,0
51982,0
51986,1
51988,0
51996,0
52029,0
52035,0
52036,0
52041,0
52045,0
52046,0
52057,0
52058,0
52063,1
52066,1
52073,0
52076,0
52077,0
52086,0
52088,0
52092,0
52103,0
52109,0
52137,1
52144,0
52147,0
52158,0
52168,0
52170,0
52179,0
52181,0
52182,0
52184,0
52205,0
52211,0
52212,0
52217,0
52222,0
52227,0
52238,0
52240,0
52260,0
52262,0
52265,0
52280,0
52283,0
52290,0
52294,0
52296,0
52302,0
52310,0
52319,0
52339,0
52343,0
52345,0
52351,0
52369,0
52371,0
52374,0
52386,0
52400,0
52411,0
52416,0
52419,0
52424,0
52439,0
52444,0
52460,1
52466,0
52469,0
52470,0
52483,0
52484,0
52489,0
52492,0
52508,0
52516,0
52517,0
52520,0
52523,0
52524,0
52534,1
52539,0
52545,0
52553,0
52570,0
52573,0
52583,0
52599,0
52603,0
52604,0
52610,0
52622,0
52632,0
52634,0
52635,0
52638,0
52639,0
52653,0
52656,0
52660,0
52667,0
52674,0
52687,0
52689,0
52697,0
52699,0
52715,0
52720,0
52725,0
52731,0
52737,0
52753,0
52756,0
52762,0
52763,0
52766,0
52768,0
52772,0
52775,0
52776,0
52781,0
52788,0
52793,0
52806,0
52811,1
52814,0
52832,0
52836,0
52846,0
52865,0
52878,0
52893,0
52902,0
52903,0
52911,0
52926,0
52929,0
52936,0
52940,0
52946,0
52948,0
52955,0
52984,0
52987,0
52998,0
53015,0
53018,0
53021,0
53024,0
53034,0
53035,0
53040,0
53053,0
53055,0
53084,0
53087,0
53090,0
53093,0
53101,0
53102,0
53104,0
53110,0
53111,0
53119,0
53123,0
53150,0
53154,0
53162,0
53167,0
53178,0
53194,0
53198,0
53201,0
53203,0
53211,0
53224,0
53237,0
53238,0
53249,0
53262,0
53286,0
53291,0
53293,0
53314,0
53327,0
53329,0
53331,0
53333,0
53334,0
53341,0
53346,0
53357,0
53360,0
53369,0
53375,0
53382,0
53386,0
53416,1
53432,0
53444,0
53450,0
53453,0
53480,0
53481,0
53495,0
53498,0
53500,0
53501,0
53521,0
53541,0
53543,0
53561,0
53564,0
53570,0
53571,0
53592,0
53599,0
53602,0
53604,1
53610,0
53624,0
53636,0
53667,0
53670,0
53679,0
53696,0
53702,0
53704,0
53706,0
53710,0
53711,0
53721,0
53725,1
53731,0
53744,0
53747,0
53759,1
53770,0
53783,0
53790,0
53797,0
53817,0
53825,0
53833,0
53840,0
53843,0
53855,0
53887,0
53895,0
53905,0
53906,0
53913,0
53918,0
53946,0
53949,0
53968,0
53993,0
53994,0
54002,0
54011,0
54028,0
54041,0
54054,0
54061,1
54065,0
54068,0
54070,0
54073,0
54075,0
54082,0
54084,0
54088,0
54099,0
54100,0
54103,0
54105,0
54111,0
54117,0
54120,1
54141,0
54143,0
54149,0
54150,0
54166,1
54174,0
54175,0
54178,0
54196,0
54204,0
54205,0
54211,0
54219,0
54223,0
54225,0
54231,0
54236,0
54256,0
54259,0
54269,0
54271,0
54272,0
54283,0
54284,0
54296,0
54297,0
54311,0
54324,0
54325,0
54328,0
54330,0
54344,0
54347,0
54354,0
54356,0
54367,0
54371,0
54383,0
54391,0
54393,0
54412,0
54413,0
54418,0
54431,0
54436,0
54446,0
54453,0
54460,0
54461,0
54467,0
54470,0
54476,0
54477,0
54481,0
54504,0
54505,0
54508,0
54517,0
54534,0
54538,0
54541,0
54551,0
54555,0
54584,0
54596,0
54605,0
54611,0
54612,0
54656,0
54657,0
54661,0
54668,0
54674,0
54692,0
54700,0
54715,0
54736,0
54751,0
54754,0
54760,0
54771,0
54787,0
54795,0
54800,0
54804,0
54806,0
54813,0
54818,0
54822,0
54840,0
54841,0
54843,1
54844,0
54848,0
54853,0
54856,0
54859,0
54864,0
54865,0
54868,0
54877,0
54884,0
54900,0
54902,0
54915,0
54920,0
54956,0
54960,0
54963,0
54976,0
54995,0
54996,0
55021,1
55042,0
55048,0
55058,0
55067,0
55071,0
55083,0
55086,0
55093,0
55109,0
55111,0
55114,0
55118,0
55121,0
55126,0
55132,0
55143,0
55144,0
55152,0
55154,0
55157,0
55161,0
55180,0
55186,0
55187,0
55192,0
55197,0
55201,0
55209,0
55214,0
55246,0
55247,0
55265,0
55273,0
55280,0
55281,0
55286,0
55290,0
55292,0
55310,0
55311,0
55320,0
55342,0
55349,0
55353,0
55358,0
55362,0
55373,0
55376,0
55388,0
55408,0
55416,0
55425,0
55429,0
55435,0
55439,0
55441,0
55452,0
55453,0
55458,0
55461,0
55467,0
55477,0
55495,0
55496,0
55498,0
55502,0
55506,0
55513,0
55515,0
55518,0
55523,0
55527,0
55535,0
55539,0
55543,0
55544,0
55545,0
55549,1
55561,0
55569,0
55571,0
55574,0
55575,0
55577,0
55586,0
55599,0
55625,0
55631,0
55632,0
55635,0
55643,0
55662,0
55669,0
55715,0
55717,0
55720,0
55724,0
55728,0
55730,0
55742,0
55744,0
55777,0
55781,0
55788,0
55795,0
55816,0
55818,0
55828,0
55830,0
55847,0
55848,0
55859,0
55875,0
55876,0
55882,0
55889,0
55896,0
55898,0
55904,0
55917,0
55920,0
55926,0
55929,0
55940,0
55946,0
55953,0
55964,0
55990,0
56002,0
56011,0
56018,0
56020,0
56021,0
56022,0
56031,0
56032,0
56034,1
56035,0
56062,1
56064,0
56066,0
56078,0
56094,0
56146,0
56147,0
56151,1
56156,0
56158,0
56162,0
56200,0
56202,1
56218,0
56225,0
56230,0
56254,0
56256,0
56271,0
56278,0
56298,0
56299,0
56305,0
56309,0
56315,0
56333,0
56339,1
56349,0
56356,0
56364,0
56365,0
56368,0
56376,0
56377,0
56378,0
56382,1
56383,0
56406,0
56416,0
56440,0
56453,0
56481,1
56487,0
56492,0
56499,0
56501,0
56515,0
56520,0
56525,0
56545,0
56547,0
56567,0
56572,0
56575,1
56576,0
56583,0
56591,0
56607,0
56613,0
56614,0
56615,0
56618,0
56626,0
56633,0
56648,0
56653,0
56719,0
56721,0
56725,0
56740,0
56763,0
56766,0
56776,0
56790,1
56791,0
56795,0
56805,0
56807,0
56826,0
56829,0
56831,0
56842,0
56846,0
56848,0
56861,0
56866,0
56876,0
56882,0
56900,0
56905,0
56914,0
56923,0
56930,0
56938,0
56949,0
56952,0
56955,0
56971,0
56972,0
56974,0
56977,0
56989,0
56992,0
56999,0
57000,0
57002,1
57003,0
57007,1
57011,0
57013,0
57017,0
57018,0
57026,0
57038,0
57043,0
57049,0
57059,0
57061,0
57066,0
57069,0
57081,0
57097,1
57100,0
57122,0
57125,0
57131,0
57138,0
57145,0
57163,0
57164,0
57174,0
57191,0
57211,0
57221,0
57223,0
57228,0
57237,0
57238,0
57239,0
57248,0
57249,0
57255,0
57260,0
57265,0
57266,0
57279,0
57293,0
57294,0
57296,0
57304,0
57318,0
57322,0
57323,0
57326,0
57329,0
57330,1
57343,0
57348,0
57349,0
57350,0
57356,0
57358,0
57376,0
57381,0
57382,0
57413,0
57417,0
57434,0
57442,0
57445,0
57452,0
57453,0
57470,0
57476,0
57477,0
57495,0
57512,0
57529,0
57533,1
57553,0
57556,0
57557,0
57560,0
57563,0
57567,0
57570,0
57572,0
57583,0
57587,0
57602,0
57611,0
57614,0
57616,0
57628,0
57639,0
57645,0
57647,0
57650,0
57666,0
57668,0
57674,0
57684,0
57687,0
57697,0
57706,0
57710,0
57717,0
57727,0
57728,0
57732,0
57736,0
57742,0
57745,0
57755,0
57761,1
57765,0
57766,0
57770,0
57800,0
57803,0
57818,0
57833,0
57838,0
57849,0
57850,0
57858,0
57866,0
57880,0
57886,0
57887,0
57893,0
57898,0
57902,0
57907,0
57925,0
57928,0
57932,0
57942,0
57944,0
57959,0
57960,0
57971,0
57973,0
57977,0
57983,0
57986,0
58000,0
58015,0
58026,0
58037,0
58059,0
58073,0
58074,0
58084,0
58085,0
58087,0
58101,0
58104,0
58108,0
58109,0
58141,0
58148,0
58159,0
58178,0
58180,0
58181,0
58182,0
58183,0
58196,0
58198,0
58212,0
58235,0
58239,0
58245,0
58252,0
58267,0
58272,0
58280,0
58289,0
58293,0
58311,0
58333,0
58337,0
58350,0
58351,0
58380,0
58381,0
58383,0
58391,0
58393,0
58394,0
58402,1
58412,0
58419,0
58420,0
58424,0
58439,0
58442,0
58456,0
58461,0
58463,0
58477,0
58481,0
58485,0
58499,0
58501,0
58511,0
58525,0
58540,0
58545,0
58550,0
58573,0
58589,0
58596,0
58601,0
58602,0
58603,0
58611,0
58614,0
58635,0
58636,0
58645,0
58648,0
58650,0
58653,0
58663,0
58664,0
58668,0
58669,0
58670,0
58681,0
58683,0
58686,0
58689,0
58710,0
58717,0
58720,0
58730,0
58747,0
58755,0
58757,0
58759,0
58760,0
58761,0
58766,0
58774,0
58785,0
58801,0
58807,0
58808,0
58810,0
58813,0
58820,0
58824,0
58830,0
58832,0
58834,0
58848,1
58861,0
58877,0
58898,0
58913,0
58920,0
58936,0
58941,0
58960,0
58969,0
58973,0
58981,0
58984,0
58995,0
59002,0
59003,0
59019,0
59047,0
59051,0
59056,0
59070,0
59073,0
59079,0
59084,0
59102,0
59131,0
59132,0
59146,0
59154,0
59165,0
59168,0
59184,0
59187,0
59188,0
59196,0
59198,0
59200,0
59207,0
59212,0
59224,0
59236,0
59281,0
59286,0
59297,0
59300,0
59309,0
59316,0
59330,0
59332,0
59341,0
59343,1
59349,0
59350,0
59363,0
59375,0
59380,1
59386,1
59390,0
59395,0
59398,0
59417,0
59424,0
59429,0
59450,0
59464,0
59497,0
59498,0
59502,1
59510,0
59529,0
59533,0
59544,0
59564,0
59568,0
59572,0
59578,0
59585,0
59594,0
59599,0
59610,0
59637,0
59641,0
59643,0
59655,0
59656,0
59678,0
59680,0
59681,0
59682,0
59690,0
59694,0
59695,0
59719,0
59728,0
59745,0
59759,0
59760,0
59763,0
59766,0
59771,0
59782,1
59802,0
59814,0
59835,0
59837,0
59839,0
59869,0
59880,0
59883,0
59885,1
59902,1
59905,0
59911,0
59912,0
59921,0
59929,0
59937,0
59946,0
59948,0
59949,0
59959,1
59968,0
59974,1
59977,0
59981,0
60004,0
60019,0
60027,0
60038,0
60039,0
60047,0
60051,0
60077,0
60079,0
60082,0
60095,0
60098,0
60104,0
60116,0
60130,0
60133,0
60147,0
60153,0
60163,0
60173,0
60176,0
60178,0
60183,0
60184,0
60189,0
60199,0
60236,0
60239,1
60246,0
60256,0
60279,0
60289,0
60298,0
60300,0
60308,0
60342,0
60361,0
60365,0
60367,0
60368,0
60371,0
60380,0
60408,0
60410,0
60412,0
60426,0
60436,0
60444,0
60445,0
60450,0
60452,0
60463,0
60484,0
60486,0
60489,0
60496,1
60503,0
60512,0
60516,0
60532,0
60548,0
60549,0
60552,0
60558,0
60559,0
60560,0
60565,0
60591,0
60594,0
60610,0
60612,0
60621,0
60630,0
60638,0
60656,0
60661,0
60666,0
60667,0
60670,0
60672,0
60685,0
60714,0
60742,0
60756,0
60784,0
60788,0
60824,0
60839,0
60851,0
60857,0
60861,0
60862,0
60863,0
60868,0
60879,0
60889,0
60892,0
60896,0
60918,0
60920,0
60933,0
60955,0
60958,0
60969,0
60977,0
60992,0
60997,0
60999,0
61004,0
61008,0
61030,0
61034,0
61036,0
61039,0
61049,0
61054,0
61065,0
61100,0
61103,0
61107,0
61114,0
61138,0
61139,0
61147,0
61151,0
61159,1
61166,0
61167,0
61179,0
61180,0
61190,0
61192,0
61200,0
61206,0
61210,0
61225,0
61232,0
61245,0
61247,0
61251,0
61253,0
61270,0
61278,0
61280,0
61281,0
61282,0
61291,0
61293,0
61296,0
61297,1
61301,0
61313,0
61321,0
61332,0
61344,0
61345,0
61352,0
61367,0
61371,0
61374,0
61390,0
61394,1
61406,0
61411,0
61420,0
61426,0
61431,1
61439,0
61443,0
61444,0
61451,0
61463,0
61479,0
61493,0
61500,0
61511,0
61516,0
61520,0
61529,0
61543,0
61565,0
61607,0
61609,0
61615,0
61616,0
61646,0
61656,0
61667,0
61675,0
61678,0
61680,0
61688,1
61690,0
61692,0
61717,0
61720,0
61745,0
61752,0
61772,0
61808,0
61811,0
61814,0
61822,0
61836,0
61854,0
61860,0
61861,0
61873,0
61874,0
61889,0
61890,0
61892,0
61904,0
61918,0
61919,0
61938,0
61944,0
61951,0
61958,0
61961,0
61963,0
61965,0
61970,0
61975,0
62021,0
62022,0
62040,0
62041,0
62043,0
62049,0
62055,0
62061,0
62064,0
62090,0
62092,0
62098,0
62108,0
62110,0
62113,0
62118,0
62121,0
62125,0
62140,0
62151,0
62160,0
62163,0
62164,0
62168,0
62178,0
62201,0
62219,0
62221,0
62255,0
62260,0
62263,0
62265,0
62266,0
62269,0
62272,0
62295,0
62298,0
62309,0
62317,0
62320,0
62325,0
62352,0
62357,0
62358,0
62370,0
62387,0
62390,0
62402,0
62408,0
62423,0
62425,0
62428,0
62437,0
62460,0
62477,1
62489,0
62497,0
62506,0
62511,0
62515,0
62516,0
62526,0
62530,0
62561,0
62567,0
62582,0
62583,0
62588,0
62595,0
62596,0
62599,0
62601,0
62607,0
62616,0
62630,0
62633,0
62643,0
62645,0
62667,0
62668,0
62669,0
62671,0
62679,0
62690,0
62710,0
62721,0
62729,0
62749,1
62754,0
62784,0
62795,0
62803,0
62811,0
62813,0
62823,1
62825,0
62829,0
62835,0
62841,0
62848,0
62849,0
62864,0
62866,0
62871,0
62881,0
62912,0
62923,0
62926,0
62934,0
62941,0
62943,0
62944,0
62948,0
62959,0
62961,0
62962,0
62963,0
62990,0
63008,0
63010,0
63027,0
63028,0
63030,0
63031,0
63032,0
63034,0
63036,0
63043,0
63046,0
63047,1
63058,0
63061,0
63063,0
63068,0
63069,0
63080,0
63091,0
63099,1
63123,0
63132,0
63136,0
63161,0
63163,0
63179,0
63183,0
63184,0
63204,0
63214,0
63218,0
63221,0
63223,0
63229,0
63237,0
63239,0
63248,0
63272,0
63279,1
63283,0
63299,0
63306,0
63323,0
63331,0
63337,0
63340,1
63341,0
63342,0
63348,0
63364,0
63366,0
63369,0
63388,0
63399,0
63402,0
63409,0
63429,0
63441,0
63464,0
63472,0
63480,0
63485,0
63486,0
63496,0
63504,0
63508,0
63514,0
63521,0
63528,0
63529,0
63532,0
63536,0
63542,0
63544,0
63570,0
63575,0
63581,0
63582,0
63585,0
63593,0
63596,0
63597,0
63619,0
63634,0
63661,0
63670,0
63676,0
63677,1
63687,0
63697,0
63703,0
63705,0
63718,0
63734,0
63741,0
63744,1
63753,0
63760,0
63766,0
63774,0
63780,0
63796,0
63811,0
63826,0
63827,1
63847,0
63854,0
63874,0
63879,0
63881,0
63888,0
63889,0
63900,0
63923,0
63926,0
63928,0
63937,0
63943,0
63944,0
63947,0
63948,0
63955,0
63962,0
63970,0
63973,0
63974,0
63980,0
63996,0
64001,0
64005,0
64011,1
64032,0
64040,0
64042,0
64058,0
64059,0
64061,0
64066,0
64071,0
64082,0
64095,0
64099,0
64159,0
64169,0
64176,0
64183,0
64205,0
64212,0
64220,0
64224,0
64229,0
64251,0
64253,0
64255,0
64263,0
64267,0
64269,0
64272,0
64277,0
64280,0
64288,0
64291,0
64292,0
64295,0
64308,0
64317,0
64338,0
64357,0
64371,0
64386,0
64393,0
64400,0
64403,0
64417,0
64419,0
64426,1
64428,0
64432,0
64433,0
64436,0
64459,0
64470,0
64478,0
64497,0
64506,0
64521,0
64522,0
64524,0
64526,0
64532,0
64536,0
64538,0
64542,0
64544,0
64573,1
64585,1
64625,0
64627,0
64629,0
64631,0
64632,0
64639,0
64644,0
64655,0
64671,0
64695,0
64711,0
64729,0
64733,0
64741,0
64743,0
64755,0
64773,0
64786,0
64811,0
64815,0
64820,1
64821,0
64842,0
64845,0
64867,0
64881,0
64882,0
64886,0
64890,0
64897,0
64903,0
64907,0
64919,0
64922,0
64923,0
64929,0
64943,0
64953,0
64954,0
64962,0
64963,0
64974,0
64976,0
64990,0
64995,0
65004,0
65007,0
65008,0
65016,0
65023,0
65032,0
65036,0
65044,0
65049,0
65055,0
65073,0
65076,0
65086,0
65087,0
65097,0
65115,0
65117,0
65122,0
65125,0
65134,1
65159,0
65166,0
65176,0
65185,0
65189,0
65195,0
65196,0
65211,0
65214,0
65224,0
65225,0
65235,0
65240,0
65245,0
65248,0
65264,0
65266,1
65273,0
65275,0
65286,0
65292,0
65296,0
65350,0
65356,0
65358,0
65366,0
65370,0
65373,0
65378,0
65404,0
65415,0
65418,0
65454,0
65455,0
65465,0
65467,0
65484,0
65486,0
65501,0
65504,0
65505,0
65506,0
65512,0
65516,0
65518,1
65521,0
65526,0
65533,0
65537,0
65540,0
65546,0
65555,0
65556,0
65568,0
65570,0
65591,0
65594,0
65597,0
65606,0
65635,0
65646,0
65648,0
65650,0
65656,0
65678,0
65686,0
65688,0
65715,0
65721,0
65731,0
65732,0
65742,0
65745,0
65752,0
65759,1
65774,0
65779,0
65787,0
65789,0
65790,0
65792,0
65799,0
65800,0
65806,0
65819,0
65821,0
65828,0
65836,0
65839,0
65852,0
65861,0
65885,0
65891,0
65898,0
65899,0
65904,0
65908,0
65911,0
65916,0
65917,0
65936,0
65945,0
65948,1
65958,0
65974,0
65979,0
65987,0
65988,0
65992,0
66000,0
66010,0
66015,0
66017,0
66020,0
66055,0
66056,0
66070,0
66071,0
66075,1
66085,0
66094,0
66109,0
66115,0
66116,0
66124,0
66125,0
66133,0
66136,1
66139,0
66157,1
66158,1
66164,0
66166,0
66169,0
66180,0
66188,0
66199,0
66202,0
66216,0
66219,0
66239,0
66244,0
66251,0
66254,0
66256,0
66273,0
66275,0
66277,0
66283,0
66289,0
66294,0
66307,0
66311,0
66314,0
66334,0
66335,0
66343,0
66347,0
66358,0
66362,0
66368,0
66370,0
66376,0
66381,0
66389,0
66401,0
66406,0
66411,1
66413,0
66414,0
66416,0
66427,0
66431,0
66433,0
66443,0
66446,0
66455,0
66457,0
66459,0
66471,0
66486,0
66487,0
66488,0
66491,0
66492,0
66495,0
66502,0
66505,0
66506,0
66524,0
66528,0
66541,0
66556,0
66566,0
66568,1
66571,0
66575,0
66577,0
66584,0
66601,0
66602,0
66609,1
66610,0
66611,1
66617,0
66621,0
66628,0
66633,0
66636,0
66643,0
66647,0
66670,0
66675,0
66684,0
66687,1
66693,0
66711,0
66723,0
66740,0
66744,0
66745,0
66756,0
66766,0
66808,0
66823,1
66824,0
66837,0
66847,0
66849,0
66862,0
66863,0
66864,0
66868,0
66869,0
66890,0
66898,0
66902,0
66909,0
66921,1
66922,0
66932,0
66937,0
66939,0
66944,0
66945,0
66946,0
66961,0
66969,0
66974,0
66976,0
66980,0
66992,0
66993,0
67001,0
67006,0
67008,0
67017,0
67018,0
67037,0
67050,0
67052,0
67054,0
67065,0
67073,0
67079,0
67080,0
67081,0
67093,0
67101,0
67114,0
67120,0
67124,0
67125,0
67137,0
67155,0
67160,0
67162,0
67164,0
67171,0
67176,0
67179,0
67185,0
67191,0
67198,0
67200,0
67207,0
67214,0
67220,0
67223,1
67228,0
67229,0
67232,0
67233,0
67234,0
67249,0
67251,0
67254,0
67259,0
67263,0
67265,0
67273,0
67279,0
67295,0
67296,0
67298,0
67301,0
67306,0
67318,0
67324,0
67325,0
67329,0
67333,0
67353,0
67357,0
67358,0
67362,0
67377,0
67383,0
67385,0
67390,0
67393,0
67409,0
67427,1
67429,0
67439,0
67447,0
67456,0
67459,0
67470,0
67477,0
67487,0
67498,0
67513,0
67524,0
67533,0
67545,0
67551,0
67554,0
67563,0
67579,0
67582,0
67583,0
67593,0
67603,0
67615,0
67625,0
67628,0
67633,0
67634,0
67640,0
67641,0
67651,0
67652,0
67663,0
67667,0
67672,0
67676,0
67685,0
67689,0
67693,0
67713,0
67718,0
67722,0
67736,1
67765,0
67770,0
67772,0
67777,0
67783,0
67787,0
67816,0
67817,0
67818,0
67820,0
67829,1
67831,0
67847,0
67848,0
67851,0
67854,1
67866,0
67873,0
67892,0
67898,0
67901,0
67904,0
67906,0
67929,0
67933,0
67938,0
67951,0
67958,0
67965,1
67979,0
67991,0
67995,0
68001,0
68007,0
68010,0
68015,0
68026,0
68029,0
68034,0
68036,0
68040,0
68053,0
68061,1
68067,0
68072,0
68083,0
68090,0
68096,0
68125,0
68130,0
68137,0
68139,0
68144,0
68147,0
68149,0
68159,0
68170,0
68192,0
68200,0
68203,0
68204,0
68208,0
68217,0
68221,0
68223,0
68224,0
68230,0
68233,0
68237,0
68240,0
68243,0
68253,0
68262,0
68269,0
68277,0
68278,0
68282,0
68284,0
68297,0
68313,1
68320,0
68336,0
68338,0
68349,0
68372,0
68375,0
68393,0
68395,0
68400,0
68410,0
68412,0
68413,0
68418,0
68432,0
68435,0
68439,0
68441,0
68451,0
68452,0
68455,0
68463,0
68466,0
68469,0
68472,0
68478,0
68484,0
68500,0
68508,0
68540,1
68551,0
68555,0
68564,0
68583,0
68585,0
68595,0
68604,0
68613,0
68614,0
68625,0
68626,0
68635,0
68640,0
68648,0
68649,0
68665,0
68685,0
68690,0
68693,0
68695,0
68696,0
68700,0
68719,0
68726,0
68755,0
68757,0
68760,0
68763,0
68773,0
68779,0
68784,0
68788,0
68794,0
68795,0
68800,0
68803,0
68818,0
68828,0
68855,0
68856,0
68857,0
68862,1
68870,0
68886,0
68888,0
68893,0
68894,0
68898,0
68904,0
68911,0
68925,0
68927,0
68936,0
68941,0
68950,0
68993,0
69003,0
69009,0
69020,0
69021,0
69028,0
69033,0
69036,0
69039,0
69045,1
69048,0
69058,0
69089,0
69105,0
69114,0
69117,0
69120,0
69123,1
69133,0
69138,0
69152,0
69157,0
69160,0
69168,1
69181,0
69188,0
69189,0
69191,0
69194,0
69204,0
69210,0
69217,0
69218,0
69221,0
69224,0
69231,0
69237,0
69238,0
69241,1
69242,0
69267,0
69280,0
69285,0
69288,0
69289,0
69305,0
69306,0
69315,0
69316,0
69322,1
69325,0
69328,0
69330,0
69332,0
69344,0
69353,0
69356,0
69361,0
69386,0
69404,0
69414,0
69416,0
69433,0
69434,0
69435,0
69438,0
69440,0
69451,0
69475,0
69484,0
69492,0
69502,0
69523,0
69526,0
69527,1
69529,0
69533,0
69536,0
69540,0
69546,0
69553,0
69565,0
69568,0
69582,0
69585,0
69591,0
69594,0
69596,0
69597,0
69611,0
69622,0
69628,0
69639,0
69647,0
69653,0
69657,0
69698,0
69704,0
69727,0
69732,0
69736,0
69744,0
69766,0
69801,0
69802,0
69822,0
69824,0
69891,0
69903,0
69906,0
69921,0
69940,0
69948,0
69957,0
69977,0
69984,0
69989,0
69996,0
70001,0
70010,0
70014,0
70034,0
70042,0
70044,0
70062,0
70065,0
70066,0
70067,0
70073,0
70085,1
70091,0
70103,1
70105,0
70111,0
70137,1
70149,0
70152,0
70159,0
70167,0
70179,0
70209,0
70230,0
70232,0
70240,0
70247,0
70258,0
70267,0
70273,0
70275,0
70290,0
70294,0
70296,0
70297,0
70313,0
70318,0
70320,0
70321,0
70343,0
70348,0
70354,0
70355,0
70359,0
70360,0
70363,0
70391,0
70394,0
70408,0
70411,0
70415,0
70416,0
70417,0
70431,0
70440,0
70445,0
70447,0
70460,0
70463,0
70472,0
70486,0
70491,0
70511,1
70518,0
70530,0
70531,0
70562,0
70566,0
70570,0
70605,0
70610,0
70612,0
70615,0
70618,0
70622,0
70629,0
70642,0
70663,0
70667,0
70676,0
70681,0
70686,0
70695,0
70698,0
70716,0
70718,0
70732,0
70738,0
70741,0
70747,0
70767,0
70772,0
70796,0
70812,0
70829,0
70839,0
70843,0
70844,0
70856,0
70861,0
70870,0
70875,0
70883,0
70892,0
70893,0
70910,1
70913,0
70931,0
70933,0
70955,0
70958,0
70967,0
70972,0
70980,0
70982,0
70997,0
71009,0
71017,0
71021,0
71035,0
71041,0
71051,0
71063,0
71096,0
71109,0
71115,0
71116,0
71118,0
71131,0
71135,0
71145,0
71157,0
71164,0
71165,0
71166,0
71168,0
71169,0
71183,0
71188,0
71190,0
71201,0
71210,0
71217,1
71226,0
71229,0
71233,0
71238,0
71253,0
71255,0
71282,1
71286,0
71295,1
71297,0
71304,0
71310,0
71329,0
71339,0
71341,0
71343,0
71346,0
71351,0
71357,0
71360,0
71364,0
71373,0
71374,0
71381,0
71393,0
71396,0
71406,0
71413,0
71418,0
71426,0
71438,0
71447,0
71470,0
71481,0
71485,0
71502,0
71503,0
71506,0
71507,0
71512,0
71517,0
71521,0
71556,0
71558,0
71575,0
71585,0
71591,0
71599,1
71613,0
71615,0
71653,0
71678,0
71700,0
71704,0
71728,0
71732,0
71737,0
71744,0
71753,0
71762,0
71763,0
71764,0
71778,0
71781,0
71787,0
71825,0
71838,0
71857,0
71867,0
71872,0
71875,0
71877,0
71885,0
71893,0
71900,0
71902,0
71903,0
71905,0
71915,0
71920,0
71928,0
71932,0
71942,0
71952,0
71959,0
71971,0
71975,0
71987,0
71998,0
72001,1
72003,0
72013,0
72017,1
72023,0
72026,0
72043,0
72044,0
72047,0
72058,0
72069,0
72075,0
72077,0
72081,0
72082,0
72083,0
72090,0
72093,0
72095,0
72104,0
72116,1
72117,0
72118,0
72123,0
72130,0
72134,0
72136,0
72147,1
72148,0
72153,0
72157,0
72160,0
72167,0
72170,0
72189,0
72191,0
72194,0
72199,0
72203,0
72204,0
72218,0
72223,0
72268,0
72274,0
72277,0
72287,0
72291,0
72295,0
72321,0
72328,1
72332,0
72334,0
72337,0
72338,0
72341,0
72345,0
72351,0
72354,0
72361,0
72362,0
72382,0
72384,0
72385,0
72395,0
72396,0
72413,1
72422,0
72432,0
72437,0
72441,0
72445,0
72464,0
72468,0
72469,0
72480,0
72482,0
72487,0
72507,0
72526,0
72527,0
72539,0
72541,0
72542,0
72547,0
72551,0
72553,0
72557,0
72561,0
72581,0
72582,0
72583,0
72591,0
72604,0
72610,0
72613,1
72625,0
72626,0
72633,0
72635,0
72649,0
72666,0
72678,0
72700,0
72707,0
72713,1
72736,0
72752,0
72754,0
72756,0
72759,0
72761,0
72764,0
72765,0
72768,0
72819,0
72824,0
72844,0
72849,0
72857,0
72869,0
72882,0
72884,0
72901,1
72903,0
72914,0
72921,0
72932,0
72944,0
72950,1
72954,0
72955,0
72965,0
72966,0
72969,0
72972,0
72979,0
72990,0
73003,0
73019,0
73031,0
73039,0
73046,0
73071,0
73081,0
73098,0
73099,0
73104,0
73105,0
73119,0
73120,0
73124,0
73137,0
73144,0
73159,0
73178,0
73190,1
73197,0
73206,0
73209,0
73228,0
73235,0
73236,0
73243,1
73262,0
73264,0
73269,0
73270,0
73277,0
73282,0
73289,0
73292,0
73293,0
73299,0
73303,1
73309,1
73310,0
73314,0
73332,0
73337,0
73344,0
73345,0
73351,0
73354,0
73358,0
73363,0
73366,0
73367,0
73372,0
73381,0
73402,0
73412,0
73413,0
73426,0
73429,0
73431,0
73440,0
73443,0
73448,0
73453,0
73455,0
73458,0
73459,0
73469,0
73486,0
73489,1
73499,0
73522,0
73527,0
73530,0
73532,0
73542,0
73547,0
73550,0
73569,0
73590,0
73594,0
73611,0
73615,0
73627,0
73632,0
73635,0
73637,0
73643,0
73645,0
73646,0
73647,0
73666,0
73671,0
73672,0
73679,0
73689,0
73700,0
73709,0
73710,0
73719,0
73720,0
73728,0
73771,0
73774,0
73777,0
73778,0
73779,0
73784,1
73785,0
73793,0
73794,0
73803,0
73807,0
73824,0
73826,0
73830,0
73846,0
73853,0
73858,0
73860,0
73876,0
73877,0
73879,0
73887,0
73890,0
73891,0
73894,0
73899,0
73904,0
73916,0
73922,0
73930,0
73933,0
73949,0
73972,0
74012,0
74029,0
74032,0
74046,0
74056,1
74074,0
74077,0
74079,0
74091,0
74111,0
74119,0
74129,0
74131,0
74151,0
74167,0
74169,1
74170,0
74184,0
74200,0
74210,0
74225,0
74227,0
74230,0
74240,0
74263,0
74297,0
74302,0
74312,0
74313,0
74319,0
74323,1
74329,0
74352,0
74359,0
74361,0
74373,0
74383,0
74395,0
74402,0
74411,0
74413,0
74416,0
74417,0
74442,0
74444,0
74447,0
74460,0
74464,0
74468,0
74471,0
74476,0
74477,0
74489,0
74493,0
74512,0
74517,0
74525,0
74541,0
74542,0
74544,0
74545,0
74552,0
74573,0
74575,0
74578,0
74580,0
74586,0
74607,0
74614,0
74616,0
74621,0
74626,0
74654,0
74666,0
74675,0
74677,0
74685,0
74697,0
74699,0
74712,0
74720,0
74721,0
74722,0
74725,0
74729,0
74733,0
74737,0
74741,0
74747,0
74748,0
74749,0
74759,0
74760,1
74770,0
74773,0
74777,0
74781,0
74790,0
74791,0
74808,1
74826,0
74834,0
74838,0
74846,0
74850,0
74859,0
74874,0
74880,0
74881,0
74893,0
74901,0
74905,0
74908,0
74911,0
74930,0
74931,0
74941,0
74942,0
74947,0
74950,0
74973,0
75002,0
75009,0
75017,0
75023,0
75049,0
75063,0
75072,0
75085,1
75093,0
75099,0
75101,0
75131,0
75140,0
75149,0
75156,0
75167,0
75178,0
75183,0
75187,0
75192,0
75195,0
75196,0
75201,0
75205,0
75214,0
75218,0
75222,0
75237,0
75268,0
75270,0
75275,0
75287,0
75299,0
75334,0
75347,0
75354,0
75355,0
75367,0
75379,0
75384,0
75388,0
75390,0
75401,0
75409,0
75417,0
75421,0
75425,1
75435,0
75442,0
75450,0
75460,0
75471,0
75476,0
75481,0
75493,0
75496,0
75498,0
75499,0
75500,0
75509,0
75511,0
75514,0
75517,0
75520,0
75546,0
75551,0
75553,0
75563,0
75569,0
75577,0
75580,0
75593,0
75595,0
75596,0
75605,0
75630,0
75634,0
75638,0
75641,0
75645,0
75647,1
75655,0
75660,0
75665,0
75693,0
75697,0
75705,0
75716,0
75725,0
75733,0
75737,0
75739,0
75747,0
75754,0
75763,0
75773,0
75778,0
75780,0
75786,0
75787,0
75804,0
75813,0
75832,0
75835,0
75836,0
75843,0
75844,0
75850,0
75875,0
75900,0
75924,0
75928,0
75929,0
75931,0
75932,0
75935,0
75955,0
75960,0
75973,0
75993,0
75998,0
76006,0
76010,0
76012,0
76024,0
76030,0
76037,0
76039,1
76042,0
76046,0
76049,0
76050,0
76064,0
76067,0
76087,0
76088,0
76091,0
76100,0
76101,0
76119,1
76123,0
76137,0
76145,0
76146,0
76162,0
76163,0
76170,0
76184,0
76207,0
76208,0
76216,0
76217,0
76219,0
76229,0
76232,0
76236,0
76239,0
76245,0
76246,0
76255,0
76267,0
76271,0
76274,0
76291,0
76294,0
76298,0
76299,0
76300,0
76305,0
76308,0
76312,0
76319,0
76334,0
76335,0
76337,0
76343,0
76356,0
76358,0
76379,0
76393,0
76395,0
76396,0
76398,0
76410,0
76414,0
76420,0
76424,0
76426,0
76440,0
76452,0
76480,1
76487,0
76494,0
76499,0
76500,0
76510,0
76512,0
76520,0
76533,0
76548,0
76550,0
76551,0
76553,0
76555,0
76558,0
76566,0
76574,0
76577,0
76589,0
76593,0
76599,0
76608,0
76614,0
76635,0
76644,0
76650,0
76654,0
76656,1
76660,0
76673,0
76677,0
76690,0
76695,0
76700,0
76706,0
76718,0
76722,0
76724,0
76731,0
76744,0
76751,0
76754,0
76763,0
76792,0
76798,0
76806,0
76812,0
76814,0
76818,0
76847,0
76849,0
76873,0
76882,0
76884,1
76891,0
76895,0
76897,0
76902,0
76903,1
76908,0
76915,0
76916,0
76927,0
76930,0
76935,0
76946,0
76957,0
76961,0
76989,0
77000,0
77004,0
77017,0
77028,0
77042,0
77043,0
77045,0
77055,0
77060,0
77065,0
77070,0
77082,0
77083,0
77088,0
77103,0
77119,0
77120,0
77149,0
77150,0
77157,0
77165,0
77177,0
77194,0
77196,0
77202,0
77208,0
77211,0
77221,0
77229,0
77231,0
77237,0
77240,0
77250,0
77258,0
77259,0
77268,0
77294,0
77295,0
77296,0
77305,0
77306,0
77334,0
77341,1
77356,0
77379,0
77380,0
77388,0
77409,0
77432,0
77434,0
77436,0
77441,1
77444,1
77447,0
77456,0
77459,0
77468,0
77479,0
77480,0
77485,0
77492,1
77508,0
77515,0
77523,0
77524,0
77533,1
77535,0
77538,0
77545,0
77560,0
77566,0
77575,0
77586,0
77596,0
77597,0
77604,0
77611,0
77619,0
77624,0
77627,0
77642,0
77644,0
77673,0
77689,0
77691,0
77701,0
77707,0
77719,0
77727,0
77732,0
77738,0
77743,0
77757,0
77774,0
77781,0
77785,0
77788,0
77801,0
77810,0
77811,0
77823,0
77824,0
77828,0
77832,0
77835,1
77839,0
77844,0
77852,0
77870,0
77872,0
77876,0
77883,0
77912,0
77915,1
77920,0
77948,0
77949,0
77964,0
77966,0
77967,0
77971,0
77972,0
77982,0
78007,0
78024,0
78036,0
78037,0
78038,0
78046,0
78047,0
78052,0
78071,0
78079,0
78088,0
78093,0
78096,0
78109,0
78135,0
78144,0
78157,0
78160,0
78168,0
78175,1
78177,0
78185,0
78189,0
78190,0
78194,0
78195,0
78197,0
78208,0
78220,0
78237,0
78243,0
78258,0
78279,1
78293,0
78296,0
78302,0
78304,0
78313,0
78314,1
78317,0
78325,0
78327,0
78337,0
78340,0
78351,0
78357,0
78370,0
78373,0
78374,0
78382,0
78384,0
78400,0
78416,0
78418,0
78430,0
78450,0
78452,0
78459,0
78460,0
78468,0
78473,0
78482,0
78484,0
78487,1
78488,0
78489,0
78491,0
78499,0
78500,0
78504,0
78507,0
78512,0
78553,0
78559,0
78565,1
78579,0
78586,0
78589,0
78593,0
78594,0
78602,0
78619,0
78628,0
78648,0
78652,0
78658,0
78659,0
78664,0
78675,0
78676,0
78686,0
78699,0
78714,0
78717,0
78718,0
78719,0
78726,0
78732,1
78738,0
78740,0
78745,0
78748,0
78752,0
78761,0
78769,0
78772,0
78778,0
78792,0
78798,0
78800,0
78809,0
78830,0
78849,0
78854,0
78855,0
78856,0
78889,0
78907,0
78909,1
78929,1
78932,0
78939,1
78946,0
78948,0
78950,0
78953,1
78979,0
78986,0
79002,0
79014,0
79030,0
79032,0
79046,0
79051,0
79054,0
79058,1
79066,1
79067,0
79068,0
79073,0
79074,0
79076,0
79084,0
79085,0
79099,0
79108,0
79111,0
79114,0
79118,0
79124,0
79130,0
79139,0
79144,0
79179,0
79189,0
79192,0
79198,0
79200,0
79201,0
79203,0
79210,0
79213,0
79214,0
79225,0
79236,0
79242,0
79256,0
79259,0
79261,0
79262,0
79267,0
79268,0
79292,0
79299,0
79307,0
79311,0
79324,0
79326,0
79329,0
79357,0
79363,0
79369,0
79384,0
79404,0
79428,0
79440,0
79441,0
79445,0
79448,0
79456,1
79473,0
79477,1
79480,0
79484,0
79490,0
79493,0
79496,0
79506,0
79514,0
79518,1
79531,0
79532,0
79533,0
79535,0
79536,0
79537,0
79544,0
79547,1
79551,0
79555,0
79559,0
79561,0
79571,0
79580,0
79602,0
79610,0
79613,0
79619,0
79621,0
79630,0
79639,0
79643,0
79649,0
79654,0
79661,0
79683,0
79686,1
79718,1
79733,0
79747,0
79766,0
79773,0
79776,0
79778,0
79789,0
79797,0
79817,0
79818,0
79821,0
79837,0
79873,0
79892,0
79905,0
79907,0
79918,0
79920,0
79958,0
79961,0
79964,0
79968,0
79977,1
79979,0
79992,0
