id,rule_violation
532942,0.7323636363636363
134132,0.3156363636363636
346350,0.7029090909090909
373368,0.4072727272727273
720381,0.09818181818181818
331531,0.016363636363636365
677281,0.18836363636363637
578698,0.40781818181818186
146959,0.38072727272727275
398543,0.8981818181818182
552486,0.24072727272727273
636124,0.192
692378,0.07381818181818181
810661,0.24
999798,0.17163636363636364
422262,0.20036363636363635
731090,0.06327272727272727
393040,0.7890909090909091
528248,0.11927272727272728
567691,0.09018181818181817
611122,0.20145454545454544
483319,0.06909090909090909
904118,0.92
740782,0.4530909090909091
606408,0.3501818181818182
156900,0.8032727272727272
815808,0.45454545454545453
384883,0.5189090909090909
108008,0.7330909090909091
380076,0.34218181818181814
433144,0.23236363636363638
189697,0.636
787598,0.11272727272727273
383726,0.6247272727272727
485091,0.6956363636363636
660141,0.44727272727272727
238225,0.20654545454545453
349828,0.7418181818181818
442891,0.4014545454545455
730871,0.28327272727272723
238227,0.8825454545454545
323522,0.708
476647,0.3738181818181818
986263,0.742909090909091
363018,0.5854545454545454
426655,0.6610909090909092
223712,0.76
849552,0.10181818181818182
391293,0.8156363636363637
994370,0.2698181818181818
218768,0.24654545454545457
253786,0.1789090909090909
859316,0.09309090909090909
963109,0.35090909090909095
192840,0.061454545454545456
390579,0.21745454545454546
437138,0.8865454545454545
632662,0.5854545454545454
359679,0.09672727272727273
462764,0.3821818181818182
582846,0.4450909090909091
223761,0.3094545454545455
262630,0.6665454545454546
625507,0.8716363636363635
228961,0.5872727272727273
312236,0.8654545454545455
368547,0.9309090909090909
715091,0.526909090909091
919579,0.8207272727272727
808719,0.25636363636363635
155917,0.30872727272727274
499865,0.5938181818181818
776520,0.6381818181818182
342167,0.9112727272727272
468824,0.0769090909090909
959291,0.6323636363636365
501825,0.4081818181818182
146473,0.24254545454545454
781788,0.8265454545454545
512113,0.9250909090909092
757988,0.03745454545454545
542909,0.8069090909090909
444369,0.18509090909090908
443221,0.16072727272727275
834994,0.9745454545454545
684871,0.49272727272727274
742337,0.9007272727272727
906203,0.6981818181818182
309375,0.5054545454545455
661605,0.5127272727272727
781356,0.8883636363636365
743011,0.5163636363636364
156447,0.5334545454545454
643443,0.6839999999999999
307207,0.8240000000000001
416995,0.17636363636363636
567106,0.7254545454545455
228712,0.6701818181818182
586716,0.5014545454545455
599685,0.9672727272727273
546402,0.7792727272727273
176004,0.7650909090909092
716829,0.26872727272727276
560217,0.9250909090909091
368888,0.14981818181818182
303469,0.7621818181818182
810991,0.6643636363636364
286455,0.4425454545454545
110079,0.4029090909090909
889187,0.22654545454545452
791942,0.3709090909090909
837611,0.244
482279,0.15563636363636363
534319,0.5901818181818181
919546,0.152
232260,0.8094545454545454
517087,0.49163636363636365
589643,0.06909090909090909
131067,0.7701818181818181
153072,0.8443636363636363
762353,0.16290909090909092
360920,0.3690909090909091
993908,0.8981818181818182
295026,0.8090909090909091
257584,0.41454545454545455
917347,0.2290909090909091
131459,0.5789090909090908
915566,0.5818181818181818
593466,0.4109090909090909
935685,0.46799999999999997
355087,0.8560000000000001
175123,0.9636363636363636
419725,0.21490909090909088
589482,0.37454545454545457
540559,0.8676363636363635
687184,0.23963636363636365
911420,0.5101818181818182
269724,0.22618181818181818
568092,0.3952727272727272
871121,0.30436363636363634
639880,0.4996363636363636
835383,0.3130909090909091
497299,0.6454545454545455
471461,0.4745454545454546
804949,0.35163636363636364
611899,0.4094545454545454
637268,0.2909090909090909
178239,0.07272727272727272
162846,0.34363636363636363
189139,0.21381818181818182
359632,0.8472727272727273
895030,0.05545454545454546
397167,0.764
957196,0.9290909090909091
497310,0.16545454545454547
552480,0.6654545454545455
687170,0.8119999999999999
315253,0.744
891396,0.02727272727272727
776312,0.14181818181818182
261752,0.09345454545454546
202076,0.766909090909091
928849,0.2781818181818182
916780,0.05309090909090909
273277,0.8130909090909091
898214,0.8869090909090909
781563,0.8461818181818181
521215,0.9345454545454546
178281,0.7509090909090909
315073,0.3687272727272727
478174,0.6479999999999999
451256,0.15818181818181817
650808,0.9836363636363636
915451,0.750909090909091
224498,0.4501818181818181
537278,0.2887272727272727
420748,0.31054545454545457
398971,0.8170909090909091
214961,0.9159999999999999
181265,0.3014545454545455
647703,0.22254545454545455
191816,0.8854545454545455
252019,0.5585454545454546
900190,0.7854545454545455
832213,0.8672727272727272
590868,0.664
887810,0.8214545454545454
311988,0.32399999999999995
982647,0.30727272727272725
376279,0.2509090909090909
442825,0.6825454545454546
521728,0.8818181818181818
899627,0.6854545454545454
519714,0.368
380370,0.5072727272727272
225073,0.11345454545454545
852410,0.45090909090909087
393994,0.8261818181818181
285070,0.7029090909090909
790093,0.06727272727272728
781937,0.4778181818181818
179336,0.5509090909090909
288558,0.48
200495,0.38690909090909087
352593,0.6763636363636364
237211,0.41763636363636364
208801,0.52
759199,0.1676363636363636
871426,0.5694545454545454
355012,0.1698181818181818
377555,0.28618181818181815
346425,0.45636363636363636
853442,0.5872727272727273
224827,0.25636363636363635
741583,0.8636363636363636
251406,0.4
880608,0.7123636363636363
573438,0.42
197443,0.45490909090909093
451673,0.6363636363636364
423969,0.37127272727272725
200920,0.6058181818181818
320520,0.3389090909090909
609459,0.12581818181818183
995998,0.6138181818181818
769908,0.5381818181818182
913861,0.20854545454545456
716357,0.20145454545454547
221849,0.25636363636363635
504345,0.12181818181818181
552852,0.07781818181818181
731188,0.40254545454545454
824933,0.6698181818181819
589953,0.8883636363636364
327754,0.16727272727272724
291872,0.20872727272727276
149302,0.8872727272727272
439307,0.9374545454545455
808619,0.8818181818181818
719629,0.16399999999999998
967002,0.216
501410,0.6454545454545455
171473,0.6065454545454545
625541,0.8123636363636364
217756,0.869090909090909
173753,0.6425454545454545
939384,0.9407272727272727
931719,0.4490909090909091
451261,0.3225454545454545
476525,0.03927272727272727
613997,0.3345454545454546
839841,0.9221818181818182
537168,0.18145454545454548
488162,0.11527272727272728
398832,0.5054545454545455
566741,0.6709090909090909
837681,0.4465454545454546
748942,0.3578181818181818
133669,0.34945454545454546
556500,0.9374545454545454
839074,0.8127272727272726
151399,0.1509090909090909
837573,0.3323636363636364
435214,0.5927272727272728
239015,0.7501818181818183
163081,0.2534545454545455
122475,0.5363636363636364
643280,0.6916363636363636
817658,0.98
147194,0.62
797210,0.6272727272727273
529397,0.05545454545454546
207863,0.24363636363636365
646013,0.7327272727272727
509826,0.936
884835,0.48363636363636364
885890,0.9472727272727273
326184,0.8334545454545454
830259,0.4163636363636364
492264,0.8552727272727272
244518,0.1996363636363636
815958,0.09818181818181818
561136,0.9316363636363637
597844,0.5527272727272727
343163,0.01818181818181818
997113,0.2727272727272727
982452,0.1678181818181818
260209,0.6189090909090909
914289,0.7403636363636363
639554,0.8581818181818182
361777,0.38581818181818184
619069,0.7810909090909091
563122,0.02181818181818182
304200,0.8163636363636364
326895,0.24036363636363633
826903,0.8189090909090909
632437,0.17345454545454544
302414,0.7767272727272727
786611,0.062181818181818185
901184,0.8167272727272727
407238,0.45745454545454545
731407,0.038181818181818185
119660,0.5
302219,0.10763636363636363
479397,0.4509090909090909
271372,0.6418181818181818
257384,0.7741818181818182
807018,0.3894545454545455
580985,0.54
328431,0.6087272727272727
813395,0.15454545454545454
579504,0.2516363636363636
720808,0.7927272727272727
131158,0.6090909090909091
666294,0.6112727272727273
604634,0.396
128464,0.5185454545454545
766039,0.8076363636363637
820399,0.7109090909090909
146596,0.6356363636363636
755735,0.4316363636363636
531552,0.8930909090909089
637596,0.7581818181818182
914878,0.5992727272727273
523221,0.5396363636363637
631589,0.27236363636363636
231991,0.4163636363636364
739914,0.0730909090909091
712277,0.19636363636363635
562458,0.15745454545454546
212319,0.4381818181818182
250995,0.9712727272727273
178430,0.38036363636363635
538542,0.8487272727272728
573649,0.8341818181818181
505932,0.3141818181818181
895218,0.3221818181818182
376892,0.216
584839,0.06
788990,0.29163636363636364
835852,0.6363636363636365
836274,0.4443636363636364
353980,0.06181818181818182
106394,0.8385454545454545
148644,0.5472727272727274
969423,0.7578181818181818
517234,0.38727272727272727
367248,0.29963636363636365
770244,0.2796363636363636
704484,0.8945454545454545
273298,0.5745454545454545
725067,0.08145454545454545
968798,0.22836363636363635
374769,0.9545454545454546
610957,0.9290909090909091
210523,0.32145454545454544
846540,0.8418181818181818
874518,0.738909090909091
393612,0.07018181818181818
878531,0.06909090909090909
731210,0.7145454545454546
401895,0.990909090909091
859228,0.5236363636363637
936060,0.17381818181818182
636524,0.6392727272727273
625146,0.84
336849,0.19
185139,0.10727272727272727
134844,0.6905454545454546
453130,0.6956363636363636
104729,0.19163636363636363
564268,0.5854545454545454
579674,0.6472727272727272
408656,0.8792727272727273
484124,0.5832727272727273
204787,0.6047272727272728
728289,0.8378181818181818
201423,0.808
851989,0.4174545454545454
203936,0.24181818181818182
877376,0.20290909090909093
593374,0.1709090909090909
185005,0.5581818181818182
304401,0.8985454545454545
927496,0.10545454545454545
909266,0.17454545454545456
369212,0.12218181818181818
197168,0.4349090909090909
896649,0.4138181818181818
874976,0.8701818181818182
587255,0.6556363636363637
209168,0.03381818181818182
174092,0.8356363636363636
132324,0.7032727272727273
319543,0.3367272727272727
993490,0.27709090909090905
393132,0.9461818181818181
897037,0.8276363636363636
526796,0.5905454545454545
776801,0.9927272727272727
692589,0.3258181818181818
960516,0.47381818181818186
548927,0.8614545454545455
282136,0.23018181818181818
824578,0.9105454545454545
383720,0.07890909090909091
354358,0.8065454545454546
324718,0.015272727272727275
205226,0.06509090909090909
531628,0.88
580922,0.15890909090909092
510094,0.2727272727272727
496295,0.2690909090909091
495053,0.3327272727272727
288704,0.05163636363636363
972039,0.6054545454545455
331072,0.8763636363636365
464134,0.9345454545454546
880775,0.492
863068,0.6610909090909092
672237,0.3876363636363636
108897,0.4061818181818182
221839,0.6298181818181818
812688,0.728
537493,0.3327272727272727
541668,0.34290909090909094
347770,0.15636363636363637
733366,0.5847272727272728
179378,0.45454545454545453
759771,0.9196363636363636
340274,0.13381818181818184
105185,0.224
431811,0.4727272727272728
265441,0.30363636363636365
431807,0.21127272727272728
981858,0.9450909090909091
289225,0.8345454545454545
236331,0.08363636363636363
732291,0.3629090909090909
503215,0.21163636363636365
640844,0.9138181818181819
995559,0.6581818181818182
191160,0.21345454545454548
788779,0.9039999999999999
842405,0.5356363636363637
126684,0.5527272727272727
178828,0.9418181818181818
281124,0.21454545454545454
314461,0.3018181818181818
823049,0.7603636363636364
171059,0.856
389626,0.07090909090909091
945794,0.6432727272727272
536129,0.4163636363636364
311120,0.9359999999999999
235570,0.5869090909090909
167296,0.31272727272727274
852979,0.726909090909091
818615,0.8621818181818182
839705,0.5800000000000001
178162,0.6327272727272727
229063,0.9054545454545454
895176,0.1487272727272727
185280,0.37709090909090914
173259,0.44145454545454543
919647,0.43454545454545457
816406,0.4385454545454545
466387,0.1429090909090909
177057,0.2672727272727273
724857,0.2545454545454546
196820,0.7181818181818183
217399,0.8014545454545454
999651,0.5269090909090909
609962,0.7138181818181819
841433,0.484
245281,0.21745454545454543
943118,0.20145454545454544
134870,0.5927272727272728
903651,0.7363636363636363
856900,0.7163636363636363
919224,0.7978181818181818
362899,0.23527272727272724
981876,0.10763636363636364
565894,0.372
529464,0.8036363636363637
895716,0.3396363636363636
396342,0.1
910792,0.09927272727272728
707805,0.20836363636363636
403451,0.1527272727272727
308178,0.78
684155,0.4152727272727273
381337,0.5218181818181818
550677,0.3512727272727273
926671,0.8367272727272728
167376,0.4872727272727273
675743,0.6145454545454545
553093,0.6887272727272727
727433,0.1912727272727273
354450,0.09054545454545454
693899,0.030181818181818185
221295,0.37127272727272725
416626,0.5483636363636364
347465,0.18181818181818182
626756,0.7261818181818183
191448,0.8698181818181818
156324,0.7778181818181817
620811,0.6090909090909091
432900,0.762909090909091
469196,0.5309090909090909
286030,0.29309090909090907
143832,0.2109090909090909
573989,0.8018181818181818
985487,0.8563636363636363
292262,0.9178181818181819
866384,0.41200000000000003
317317,0.6654545454545454
524085,0.6963636363636364
358794,0.06363636363636363
621763,0.376
724498,0.5327272727272727
801435,0.5389090909090909
137069,0.8927272727272727
653214,0.11
929162,0.6163636363636363
153482,0.22472727272727272
401145,0.8680000000000001
771181,0.9356363636363636
687006,0.4378181818181818
496329,0.14800000000000002
693844,0.06545454545454545
504159,0.8745454545454545
822156,0.10981818181818183
781428,0.5105454545454545
730974,0.8861818181818182
904163,0.21636363636363637
940842,0.1890909090909091
911963,0.5152727272727273
866658,0.07854545454545454
726395,0.07909090909090909
698056,0.1709090909090909
237453,0.4909090909090909
364195,0.8781818181818182
697784,0.20254545454545458
201469,0.94
685699,0.20472727272727276
747400,0.1370909090909091
467226,0.4636363636363636
264203,0.28909090909090907
106399,0.09454545454545454
123999,0.19490909090909092
186258,0.23745454545454547
988871,0.204
596850,0.25781818181818184
494944,0.31672727272727275
810214,0.4294545454545455
450848,0.19
542714,0.12109090909090908
878854,0.12
455789,0.6094545454545455
917274,0.5036363636363637
578575,0.20836363636363636
620056,0.18763636363636363
696632,0.9101818181818182
643301,0.9025454545454545
822095,0.3890909090909091
376395,0.8607272727272728
114549,0.5890909090909091
700913,0.9890909090909091
494295,0.11963636363636364
438948,0.016363636363636365
323562,0.9247272727272728
645778,0.3927272727272727
776911,0.05381818181818182
812416,0.32363636363636367
111439,0.13636363636363635
935031,0.36836363636363634
271052,0.8018181818181818
903553,0.8734545454545455
871144,0.2181818181818182
206760,0.5727272727272728
681329,0.5076363636363637
671566,0.6996363636363636
918668,0.5785454545454546
260609,0.5581818181818181
465296,0.5981818181818181
265859,0.7818181818181819
824086,0.5476363636363636
202403,0.990909090909091
609558,0.2963636363636364
762582,0.3138181818181819
868954,0.38363636363636366
995488,0.36218181818181816
739516,0.5883636363636364
637285,0.6594545454545455
303976,0.5025454545454545
517033,0.9218181818181819
221416,0.4778181818181818
721079,0.6890909090909091
781273,0.14072727272727273
648054,0.124
707521,0.3563636363636364
311042,0.4985454545454545
777774,0.04727272727272727
495179,0.9836363636363636
998315,0.4818181818181818
417321,0.6221818181818182
439474,0.9301818181818182
635937,0.4865454545454545
927718,0.7949090909090909
870357,0.3116363636363636
556161,0.6592727272727272
136073,0.2650909090909091
548950,0.09963636363636363
881076,0.7043636363636363
688680,0.4538181818181818
143958,0.23854545454545456
959154,0.5698181818181818
786276,0.09709090909090909
448786,0.5472727272727272
947500,0.7658181818181817
613904,0.15818181818181817
868618,0.5985454545454545
486581,0.9363636363636363
200084,0.9214545454545455
284123,0.8130909090909091
529387,0.3236363636363636
537881,0.6436363636363637
889062,0.3981818181818182
907560,0.8927272727272727
338132,0.2636363636363636
364607,0.19127272727272726
618406,0.688
805490,0.9963636363636363
756828,0.8872727272727272
170541,0.6847272727272727
628342,0.6323636363636363
195531,0.3654545454545455
251170,0.4309090909090909
965283,0.48327272727272724
565199,0.9509090909090909
513206,0.2690909090909091
287673,0.722909090909091
200944,0.38581818181818184
989354,0.3854545454545455
200122,0.32872727272727276
977787,0.7625454545454545
862911,0.4341818181818181
824215,0.9294545454545455
387566,0.5014545454545454
113642,0.6752727272727272
668970,0.8494545454545455
770308,0.17418181818181816
263064,0.268
651659,0.2963636363636364
144117,0.2963636363636364
694198,0.9356363636363636
757716,0.744
811235,0.07927272727272727
845942,0.31345454545454543
884623,0.7818181818181819
334979,0.5087272727272727
330527,0.14872727272727274
143086,0.31745454545454543
503239,0.056363636363636366
134418,0.1509090909090909
177702,0.007272727272727273
558015,0.8145454545454546
528803,0.3323636363636364
949858,0.9319999999999999
593621,0.23454545454545453
523427,0.9309090909090909
451954,0.45272727272727276
620675,0.6461818181818182
301728,0.14654545454545453
719348,0.46
240498,0.4450909090909091
402935,0.43927272727272726
640181,0.708
658502,0.8170909090909091
931916,0.36436363636363633
139735,0.05963636363636364
194638,0.8563636363636363
952094,0.3196363636363636
136162,0.43854545454545457
728657,0.6109090909090908
751589,0.5112727272727273
226725,0.17309090909090907
968132,0.8294545454545454
315526,0.8581818181818182
905293,0.13381818181818184
579606,0.6636363636363636
110521,0.6312727272727272
591787,0.7029090909090909
697694,0.7112727272727273
876455,0.13127272727272726
349767,0.9425454545454546
169510,0.9076363636363637
782694,0.04727272727272727
426943,0.6010909090909091
240887,0.09599999999999999
942187,0.40181818181818185
192479,0.4490909090909091
157753,0.7258181818181818
180821,0.4410909090909091
369075,0.1578181818181818
863587,0.6309090909090909
516404,0.5127272727272727
740876,0.8130909090909091
793865,0.8403636363636364
281637,0.6094545454545455
415069,0.4781818181818182
753576,0.5305454545454547
237890,0.05709090909090909
630424,0.764
922060,0.1621818181818182
993705,0.16545454545454544
762892,0.15054545454545454
708280,0.6567272727272727
933443,0.3672727272727273
481749,0.4130909090909091
830243,0.7672727272727272
782616,0.06909090909090909
289746,0.6294545454545455
260376,0.4207272727272727
444212,0.08727272727272728
733111,0.18945454545454543
515486,0.8185454545454546
270939,0.16618181818181818
524815,0.4705454545454546
840790,0.7032727272727273
208506,0.19236363636363635
322280,0.7821818181818181
333513,0.2465454545454545
863860,0.48836363636363644
869652,0.8334545454545454
432063,0.6254545454545455
642115,0.8716363636363637
312132,0.7327272727272728
174611,0.5781818181818181
463965,0.9
669606,0.8421818181818181
743793,0.24472727272727274
655769,0.8134545454545454
185287,0.7414545454545455
442648,0.8887272727272727
498029,0.34581818181818186
617473,0.3407272727272727
208575,0.44545454545454544
644738,0.2421818181818182
123546,0.7061818181818182
296382,0.9545454545454546
952702,0.6090909090909091
773319,0.3563636363636363
565748,0.7854545454545455
420960,0.9490909090909092
886540,0.4323636363636364
642461,0.6414545454545454
362670,0.3589090909090909
327892,0.6629090909090909
379720,0.144
410633,0.6676363636363636
423080,0.7901818181818182
108213,0.5654545454545455
666288,0.9250909090909091
813681,0.23272727272727273
310686,0.7214545454545455
145437,0.8963636363636363
715292,0.9003636363636364
921759,0.6203636363636363
289563,0.2829090909090909
432293,0.7454545454545455
918601,0.4930909090909091
465025,0.6509090909090909
621695,0.18727272727272726
226208,0.9210909090909092
497459,0.8279999999999998
328990,0.3210909090909091
276034,0.3210909090909091
317370,0.9272727272727272
155626,0.9563636363636364
209756,0.3487272727272727
739690,0.5938181818181818
315159,0.504
813994,0.7232727272727273
354823,0.8872727272727272
427455,0.6690909090909091
347581,0.30327272727272725
683506,0.42400000000000004
442725,0.896
808483,0.4309090909090909
800603,0.5054545454545455
855351,0.8789090909090909
409464,0.10800000000000001
190368,0.23345454545454547
241807,0.9239999999999999
419545,0.11527272727272729
772483,0.2098181818181818
931216,0.3545454545454545
498044,0.21527272727272728
822120,0.5145454545454545
479131,0.3098181818181819
119209,0.14545454545454545
157035,0.6476363636363636
627463,0.43381818181818177
829886,0.8181818181818181
536552,0.26945454545454545
312210,0.8392727272727273
927984,0.24618181818181817
118815,0.09854545454545455
514725,0.7287272727272727
353890,0.42327272727272724
421048,0.6909090909090909
403954,0.3490909090909091
533074,0.6138181818181818
164708,0.4552727272727273
869808,0.8174545454545454
481883,0.2290909090909091
252182,0.5072727272727273
921190,0.1632727272727273
147448,0.7930909090909091
997126,0.7829090909090908
514285,0.26
699065,0.696
878330,0.12072727272727272
382512,0.34036363636363637
987239,0.21563636363636363
404470,0.74
387038,0.2992727272727273
266285,0.10109090909090909
761958,0.3890909090909091
234068,0.1669090909090909
158558,0.5036363636363637
704295,0.8767272727272727
834015,0.04218181818181818
353094,0.2690909090909091
531622,0.46181818181818185
538740,0.08109090909090907
741623,0.372
104696,0.7887272727272727
863044,0.9618181818181819
580351,0.09272727272727273
848528,0.8912727272727273
960102,0.7138181818181819
528445,0.2807272727272727
247822,0.24363636363636362
560376,0.29309090909090907
839225,0.6458181818181818
929296,0.36872727272727274
689128,0.3825454545454545
980570,0.5276363636363636
849905,0.3054545454545455
256578,0.14072727272727276
190588,0.05672727272727273
613235,0.493090909090909
161720,0.38945454545454544
858066,0.1952727272727273
595095,0.7741818181818182
930304,0.20909090909090908
605798,0.48545454545454547
137063,0.29963636363636365
448327,0.5654545454545454
788604,0.07345454545454545
472693,0.5003636363636363
509518,0.4618181818181818
618523,0.18181818181818182
890285,0.8010909090909091
479889,0.43963636363636366
630422,0.8305454545454545
684751,0.7632727272727273
697229,0.94
230792,0.8083636363636364
416511,0.25490909090909086
373820,0.868
989172,0.8400000000000001
979281,0.13272727272727272
657002,0.48545454545454547
608730,0.94
405342,0.8367272727272728
111325,0.8421818181818181
321808,0.4061818181818182
448052,0.21527272727272728
578162,0.18472727272727274
995699,0.24981818181818183
356678,0.08363636363636363
423099,0.736
473643,0.057818181818181824
126047,0.7236363636363636
884858,0.10690909090909091
901041,0.06872727272727272
861204,0.9709090909090909
449662,0.15636363636363637
621974,0.176
861648,0.5509090909090909
336963,0.2061818181818182
426741,0.12218181818181818
472122,0.9083636363636364
654099,0.6727272727272727
391612,0.8447272727272728
675940,0.6963636363636365
441862,0.8189090909090908
801812,0.5927272727272728
176675,0.7029090909090909
252148,0.790909090909091
686556,0.32
879029,0.3290909090909091
168285,0.14254545454545453
162722,0.4545454545454546
829294,0.8876363636363638
747911,0.13236363636363638
328560,0.5887272727272728
959010,0.022181818181818184
205833,0.769090909090909
587779,0.4509090909090909
432126,0.9203636363636364
285027,0.2218181818181818
234212,0.7338181818181819
273763,0.8567272727272728
819057,0.9174545454545455
740610,0.8203636363636363
155849,0.5909090909090909
109564,0.6443636363636364
788697,0.6545454545454545
933331,0.21781818181818183
451496,0.8418181818181818
689970,0.8545454545454545
286923,0.1629090909090909
329946,0.061454545454545456
998395,0.25636363636363635
156576,0.41563636363636364
618942,0.3018181818181818
331044,0.08218181818181819
722964,0.5963636363636363
484413,0.6367272727272727
565004,0.5141818181818182
378210,0.9196363636363636
553350,0.5
213831,0.6080000000000001
347322,0.3410909090909091
164970,0.34363636363636363
571578,0.5847272727272728
925998,0.27345454545454545
857166,0.7378181818181818
755718,0.8196363636363636
404613,0.5178181818181818
997220,0.26
202282,0.6381818181818182
716523,0.8061818181818181
493489,0.26763636363636367
491068,0.10181818181818181
616573,0.2127272727272727
148601,0.8403636363636364
845808,0.43563636363636365
342143,0.510909090909091
937616,0.6956363636363636
791656,0.76
548998,0.812
676373,0.32945454545454544
649455,0.562909090909091
621771,1.0
479625,0.1730909090909091
285919,0.8727272727272727
856322,0.41454545454545455
822477,0.37018181818181817
333755,0.9490909090909091
361887,0.9872727272727273
784437,0.6749090909090909
721821,0.5760000000000001
519908,0.5501818181818181
236096,0.06581818181818182
812783,0.047636363636363636
145852,0.9185454545454546
365608,0.39272727272727276
512922,0.8767272727272728
996285,0.2938181818181818
371052,0.9356363636363637
702373,0.06654545454545455
143574,0.8647272727272728
109958,0.9272727272727272
285554,0.9589090909090908
333942,0.35854545454545456
304919,0.4101818181818182
412221,0.4203636363636364
537954,0.4887272727272727
546361,0.29418181818181816
388002,0.24763636363636365
211689,0.6589090909090909
448562,0.44545454545454544
810453,0.21199999999999997
853378,0.1970909090909091
915177,0.09818181818181818
150482,0.7090909090909091
917790,0.29672727272727273
723410,0.18036363636363636
353470,0.04145454545454545
382466,0.10581818181818181
224114,0.9090909090909091
877941,0.8378181818181818
478852,0.20654545454545453
478734,0.13890909090909093
640888,0.45745454545454545
509852,0.27090909090909093
626692,0.1509090909090909
999927,0.8923636363636365
563030,0.9556363636363636
808150,0.8276363636363636
643357,0.4672727272727273
101469,0.8018181818181818
414660,0.8909090909090909
127283,0.39236363636363636
569678,0.8152727272727274
745533,0.41163636363636363
128784,0.5236363636363637
948176,0.7756363636363637
733732,0.7567272727272727
735377,0.6363636363636364
251360,0.14618181818181816
264157,0.9981818181818182
488213,0.3161818181818182
358527,0.9123636363636364
514611,0.1581818181818182
537792,0.3785454545454545
676650,0.6385454545454545
539822,0.39090909090909093
598092,0.21454545454545454
848900,0.9345454545454546
740260,0.1290909090909091
609257,0.6472727272727272
130041,0.08363636363636363
443144,0.4014545454545454
564660,0.09236363636363637
264214,0.47163636363636363
286766,0.436
414493,0.23054545454545455
332416,0.6538181818181819
571068,0.6894545454545454
725390,0.8145454545454546
231088,0.40781818181818186
878109,0.988
827645,0.18545454545454543
257469,0.6192727272727273
392823,0.15527272727272728
684997,0.7363636363636363
321443,0.6847272727272727
645829,0.5818181818181818
629992,0.5581818181818182
252886,0.3698181818181818
526622,0.8127272727272727
645672,0.5934545454545455
816601,0.5869090909090909
677430,0.8410909090909091
967494,0.7403636363636363
613062,0.6581818181818182
224439,0.35454545454545455
492813,0.1632727272727273
872742,0.3396363636363636
582375,0.47454545454545455
509963,0.8636363636363635
440253,0.6298181818181818
360313,0.4636363636363636
416101,0.0730909090909091
370865,0.6439999999999999
872493,0.32727272727272727
945878,0.39527272727272733
952509,0.8865454545454545
942395,0.07854545454545454
420303,0.746909090909091
207096,0.2832727272727273
309130,0.9087272727272727
498314,0.12545454545454546
938427,0.2018181818181818
966957,0.19309090909090906
931722,0.8454545454545455
758203,0.9327272727272726
579990,0.17636363636363636
241093,0.30727272727272725
716038,0.7745454545454544
840721,0.8236363636363637
762932,0.09527272727272727
221103,0.2218181818181818
241106,0.4632727272727272
943985,0.0669090909090909
104581,0.19090909090909092
682681,0.4290909090909091
839527,0.9403636363636363
607517,0.26945454545454545
554366,0.6134545454545455
820077,0.9618181818181818
884755,0.8
617541,0.30363636363636365
521326,0.20872727272727273
737190,0.7574545454545455
219107,0.4632727272727273
432421,0.977090909090909
390954,0.9694545454545456
538825,0.5123636363636364
295537,0.07890909090909091
795579,0.1592727272727273
101418,0.24909090909090909
369844,0.11454545454545455
153586,0.945090909090909
555782,0.04654545454545454
444640,0.47854545454545455
442114,0.9621818181818182
868932,0.7381818181818182
799906,0.36363636363636365
610696,0.5923636363636364
505283,0.15999999999999998
824056,0.46509090909090905
562650,0.13563636363636364
659152,0.8563636363636362
844167,0.8392727272727272
966447,0.28800000000000003
514144,0.9101818181818182
760146,0.937090909090909
905314,0.45636363636363636
226175,0.9127272727272727
549061,0.5258181818181817
900792,0.4263636363636364
129949,0.7803636363636364
980491,0.2909090909090909
155533,0.6181818181818182
872640,0.7861818181818182
261474,0.5858181818181818
471287,0.778909090909091
608749,0.19854545454545455
413459,0.11818181818181818
301576,0.9007272727272727
714495,0.07090909090909091
286263,0.5043636363636363
947144,0.4792727272727273
333738,0.3836363636363636
374715,0.17163636363636364
198043,0.9167272727272727
446245,0.09090909090909091
146740,0.9581818181818181
512514,0.5563636363636364
203756,0.17709090909090908
264847,0.2938181818181818
165201,0.5549090909090909
104501,0.6603636363636364
880259,0.72
747162,0.6181818181818182
668595,0.32581818181818184
853657,0.8745454545454545
517318,0.8750909090909091
984947,0.16945454545454547
160718,0.17600000000000002
934874,0.16290909090909092
154764,0.5352727272727273
349330,0.3952727272727272
552102,0.8701818181818182
838872,0.3770909090909091
532969,0.9421818181818182
855019,0.3105454545454545
793331,0.8956363636363636
740433,0.8963636363636364
268932,0.7872727272727272
885263,0.19818181818181818
742414,0.8992727272727272
104438,0.13345454545454546
241347,0.517090909090909
154043,0.2661818181818182
401355,0.6578181818181819
227827,0.1618181818181818
855962,0.1869090909090909
470732,0.30254545454545456
363724,0.08872727272727274
344470,0.48545454545454547
191457,0.5807272727272728
678402,0.746909090909091
849476,0.624
975324,0.7967272727272727
838149,0.7818181818181819
266828,0.6334545454545455
936895,0.7465454545454546
227135,0.09745454545454545
473467,0.509090909090909
305255,0.9378181818181819
374542,0.9163636363636363
558399,0.08727272727272727
585060,0.348
875898,0.8989090909090909
970300,0.4243636363636364
283153,0.9290909090909091
215786,0.5381818181818182
980538,0.5698181818181818
930107,0.2767272727272727
881603,0.7345454545454546
266202,0.24654545454545457
830114,0.6196363636363637
348831,0.4632727272727272
423938,0.8745454545454545
986805,0.6501818181818182
727873,0.8676363636363637
136418,0.7781818181818182
185095,0.4258181818181819
783566,0.7636363636363637
951047,0.4258181818181819
438393,0.8014545454545454
185097,0.5429090909090909
683781,0.9014545454545455
537282,0.13054545454545452
587972,0.3392727272727273
478257,0.8469090909090908
457954,0.1370909090909091
905594,0.6763636363636364
185382,0.8549090909090908
998252,0.9039999999999999
590419,0.6534545454545455
618643,0.22163636363636363
552015,0.37654545454545457
244220,0.8985454545454545
710503,0.3236363636363636
184433,0.2963636363636364
718675,0.5243636363636364
262080,0.8381818181818181
634214,0.7963636363636364
281279,0.772
751168,0.2229090909090909
393790,0.7552727272727272
348616,0.9141818181818182
491535,0.8654545454545455
378227,0.8465454545454546
297433,0.4581818181818182
683257,0.9301818181818182
896067,0.9029090909090909
951497,0.3643636363636364
357237,0.9254545454545454
654579,0.4698181818181818
541895,0.12363636363636364
596237,0.5389090909090909
313611,0.23054545454545455
331069,0.32981818181818184
979129,0.43672727272727274
167874,0.62
418214,0.8098181818181818
181309,0.43127272727272725
989146,0.6981818181818182
170636,0.22254545454545455
753460,0.8832727272727272
350731,0.6181818181818182
450788,0.9043636363636364
335621,0.7963636363636364
381223,0.8709090909090909
866250,0.6385454545454545
378786,0.29818181818181816
612741,0.8956363636363637
661030,0.8
327236,0.33272727272727276
329188,0.8483636363636364
825986,0.24327272727272725
881849,0.4618181818181818
858461,0.22
484608,0.25636363636363635
317873,0.8192727272727273
900396,0.9847272727272728
251053,0.3181818181818182
584105,0.5956363636363636
985753,0.5356363636363637
239896,0.8941818181818182
541930,0.19636363636363635
825517,0.6745454545454546
121073,0.7218181818181818
184073,0.6676363636363636
705109,0.27454545454545454
699551,0.745090909090909
327185,0.3138181818181818
291357,0.3025454545454545
430886,0.4207272727272727
147549,0.38836363636363636
997534,0.35545454545454547
424868,0.7818181818181817
221261,0.5025454545454545
997559,0.43272727272727274
894073,0.2465454545454545
344606,0.5552727272727273
271481,0.34
440708,0.5261818181818182
149639,0.6141818181818182
323706,0.23745454545454545
663353,0.36
292579,0.2625454545454545
544055,0.6807272727272727
194063,0.37654545454545457
276362,0.8436363636363636
720981,0.7385454545454546
912385,0.8523636363636364
963986,0.7810909090909091
931406,0.3647272727272727
575532,0.21054545454545456
944880,0.7727272727272727
216181,0.8254545454545454
487710,0.8509090909090908
414044,0.5887272727272728
848838,0.45163636363636367
587347,0.13345454545454546
664337,0.41927272727272724
520384,0.4709090909090909
360941,0.5781818181818182
406366,0.08872727272727272
278495,0.014545454545454545
319670,0.37454545454545457
605691,0.4058181818181818
958080,0.04472727272727273
639710,0.22727272727272727
529567,0.14618181818181816
248685,0.9199999999999999
401274,0.3509090909090909
278877,0.16654545454545455
276737,0.28727272727272724
316016,0.7225454545454546
675062,0.1370909090909091
937823,0.5854545454545454
514821,0.21945454545454546
910623,0.7861818181818183
223614,0.5825454545454546
729951,0.3236363636363636
126787,0.35454545454545455
144179,0.038181818181818185
519479,0.3563636363636364
405984,0.1272727272727273
798949,0.9225454545454546
962392,0.44945454545454544
451117,0.78
766686,0.7032727272727273
934346,0.8781818181818182
300677,0.2556363636363636
422575,0.4087272727272727
313152,0.20872727272727273
560588,0.7218181818181818
697609,0.31272727272727274
830506,0.4381818181818182
487604,0.04581818181818181
928391,0.2883636363636364
739120,0.13236363636363635
330908,0.6454545454545455
236232,0.11527272727272728
345073,0.11
475422,0.8654545454545455
590180,0.856
332232,0.7145454545454546
192788,0.6250909090909091
342221,0.12
140808,0.05927272727272727
542990,0.28654545454545455
959020,0.2469090909090909
100725,0.44363636363636366
180447,0.7545454545454545
177030,0.13563636363636364
432014,0.2676363636363636
300672,0.6592727272727272
290814,0.8363636363636363
855089,0.5414545454545454
808046,0.5483636363636364
394934,0.34400000000000003
160893,0.22836363636363638
920182,0.8269090909090908
533668,0.09490909090909092
267314,0.872
498607,0.5509090909090909
876065,0.12872727272727272
172791,0.8323636363636364
515528,0.192
719687,0.09345454545454546
452569,0.19636363636363638
694153,0.7490909090909091
908106,0.28727272727272724
510991,0.11054545454545454
270125,0.5076363636363637
535749,0.2832727272727273
249642,0.42400000000000004
534343,0.5498181818181819
364730,0.22545454545454546
159288,0.2727272727272727
730971,0.3305454545454546
798374,0.5563636363636364
358387,0.8145454545454546
110034,0.2818181818181818
129508,0.41600000000000004
454361,0.19418181818181818
685650,0.9454545454545454
774328,0.5025454545454546
256238,0.6109090909090908
365806,0.35818181818181816
216403,0.40036363636363637
546439,0.9145454545454546
102060,0.4570909090909091
941917,0.2258181818181818
748945,0.10036363636363636
389148,0.2418181818181818
528846,0.20218181818181816
136423,0.7661818181818182
958756,0.5578181818181818
855745,0.7003636363636364
244831,0.025454545454545455
452142,0.5425454545454544
844036,0.7083636363636364
748004,0.21781818181818183
205264,0.12181818181818181
297988,0.8185454545454546
490873,0.505090909090909
273009,0.8458181818181818
765032,0.2818181818181818
239441,0.6596363636363636
729346,0.49090909090909085
503913,0.8461818181818181
531564,0.6756363636363636
614853,0.19672727272727275
980567,0.7967272727272727
837281,0.9152727272727273
505965,0.4992727272727273
972393,0.352
176678,0.42
686613,0.09890909090909092
192852,0.10909090909090909
823558,0.5112727272727273
310811,0.8243636363636364
359346,0.5363636363636364
603359,0.484
183872,0.6290909090909091
136366,0.3469090909090909
495653,0.036000000000000004
773479,0.38363636363636366
806007,0.3385454545454546
311807,0.7890909090909091
628170,0.8963636363636364
496436,0.43781818181818183
714796,0.3250909090909091
128921,0.5963636363636363
783738,0.8290909090909091
633360,0.5465454545454546
467889,0.7567272727272727
461736,0.904
693348,0.15781818181818183
897075,0.7087272727272727
902554,0.288
971001,0.5181818181818182
480204,0.1650909090909091
795020,0.2
562365,0.5272727272727272
354515,0.28545454545454546
685924,0.5054545454545455
399640,0.7516363636363637
293545,0.10945454545454544
412075,0.7254545454545455
163778,0.9127272727272727
345962,0.21309090909090908
464963,0.06836363636363636
494332,0.18763636363636363
318581,0.7981818181818182
866182,0.25672727272727275
679573,0.16036363636363637
243830,0.09054545454545454
564119,0.3161818181818182
534977,0.9472727272727273
422909,0.6112727272727273
811219,0.4872727272727273
452544,0.33236363636363636
877519,0.7072727272727273
538231,0.7018181818181818
791171,0.7032727272727273
348710,0.4578181818181818
445041,0.43454545454545457
501596,0.3352727272727273
855167,0.20363636363636364
645242,0.272
931790,0.6858181818181819
838261,0.204
876490,0.9167272727272726
530083,0.11527272727272728
650844,0.6
354207,0.14363636363636362
120186,0.33018181818181813
877471,0.33745454545454545
703119,0.78
508983,0.02
653741,0.14836363636363636
665230,0.17818181818181816
705213,0.7887272727272727
758773,0.24
162393,0.901090909090909
565581,0.1690909090909091
651438,0.62
170445,0.24363636363636362
110858,0.08545454545454545
275817,0.2636363636363636
445363,0.8981818181818182
872906,0.7287272727272728
677433,0.44000000000000006
872312,0.3647272727272727
871068,0.7567272727272727
148159,0.4690909090909091
274504,0.676
986945,0.7265454545454546
368273,0.5349090909090909
702965,0.23054545454545455
103581,0.2847272727272727
438148,0.7160000000000001
777222,0.06181818181818182
818118,0.3618181818181818
939621,0.25163636363636366
392630,0.5705454545454545
994116,0.7854545454545454
433968,0.5610909090909091
600214,0.8603636363636363
780117,0.8116363636363636
246827,0.9654545454545455
873132,0.03927272727272727
849175,0.8509090909090908
268578,0.6989090909090909
294545,0.8665454545454545
542290,0.3774545454545455
940519,0.0890909090909091
946728,0.49454545454545457
473621,0.2738181818181818
667838,0.27745454545454545
347567,0.9450909090909091
320542,0.7818181818181819
967706,0.7789090909090909
718163,0.5283636363636364
180745,0.4621818181818182
993859,0.15854545454545454
772568,0.7472727272727273
681047,0.8327272727272728
961075,0.4596363636363636
925383,0.8400000000000001
746716,0.4858181818181818
440911,0.4352727272727273
558612,0.9723636363636363
249212,0.8607272727272728
330028,0.6916363636363636
528204,0.5221818181818181
861460,0.98
854043,0.31272727272727274
616620,0.16545454545454544
628251,0.13236363636363635
702449,0.6836363636363636
959708,0.8490909090909091
331936,0.6683636363636364
694528,0.19854545454545455
717401,0.8345454545454546
909470,0.2090909090909091
860295,0.27090909090909093
775705,0.44290909090909086
935413,0.6545454545454545
869715,0.8901818181818182
998416,0.30872727272727274
168345,0.12690909090909092
892393,0.3
468247,0.4010909090909091
335763,0.3552727272727273
626478,0.8476363636363636
423745,0.6549090909090909
419549,0.5832727272727273
576744,0.5385454545454547
788134,0.19054545454545455
845649,0.18145454545454548
967248,0.16145454545454546
970911,0.8203636363636363
173966,0.8545454545454545
210610,0.16763636363636364
777044,0.44327272727272726
676482,0.18072727272727274
436409,0.9203636363636364
991287,0.9163636363636364
733197,0.5985454545454546
363437,0.33345454545454545
137641,0.11636363636363636
395463,0.5312727272727272
898653,0.9105454545454545
598428,0.8923636363636365
116997,0.10909090909090909
715507,0.15272727272727274
674336,0.6563636363636364
254412,0.8443636363636364
634808,0.3709090909090909
394470,0.39109090909090904
544894,0.78
706672,0.9501818181818181
962073,0.37963636363636366
298871,0.06545454545454545
811874,0.7
946638,0.4127272727272727
242336,0.8338181818181818
320412,0.12654545454545454
916285,0.8654545454545455
757925,0.05345454545454545
912861,0.7985454545454544
277706,0.17927272727272725
442937,0.43454545454545457
758105,0.4254545454545455
647562,0.29709090909090907
268970,0.47163636363636363
256467,0.6072727272727273
992785,0.636
537187,0.8116363636363636
782980,0.16836363636363635
520158,0.6818181818181818
940003,0.6043636363636364
318214,0.148
420317,0.6938181818181819
881633,0.6818181818181818
706434,0.3978181818181818
314119,0.25781818181818184
908790,0.652
451493,0.6516363636363636
926685,0.7981818181818182
977455,0.5825454545454546
418255,0.7618181818181817
783461,0.5330909090909092
209216,0.7923636363636364
238011,0.3967272727272727
159446,0.7938181818181818
368023,0.3385454545454546
777097,0.625090909090909
206438,0.7952727272727272
675604,0.12399999999999999
768410,0.4567272727272727
375535,0.49127272727272725
624956,0.7501818181818182
491311,0.49272727272727274
874615,0.9509090909090909
163475,0.9261818181818181
343972,0.1629090909090909
349306,0.11890909090909091
450075,0.7818181818181817
451647,0.4872727272727273
683733,0.7327272727272728
120972,0.4727272727272727
481605,0.3981818181818182
156534,0.24727272727272728
426336,0.708
619609,0.5345454545454545
778175,0.17781818181818182
471534,0.6901818181818182
274265,0.2810909090909091
236007,0.994909090909091
514358,0.17200000000000001
418228,0.29818181818181816
273369,0.9192727272727272
555404,0.09418181818181817
639225,0.7774545454545454
666316,0.8578181818181818
975674,0.8283636363636364
815543,0.7861818181818182
801347,0.9727272727272728
587140,0.5545454545454546
153898,0.1290909090909091
161587,0.456
110607,0.7167272727272728
374689,0.8618181818181818
826438,0.5647272727272727
426572,0.04509090909090909
767509,0.09963636363636363
171168,0.8974545454545455
611503,0.5418181818181819
638902,0.10181818181818182
378915,0.4632727272727273
876084,0.9043636363636364
657094,0.8698181818181818
771111,0.7821818181818181
351856,0.21454545454545454
315178,0.24363636363636365
429145,0.5254545454545454
562574,0.11090909090909092
624824,0.7567272727272727
619365,0.6763636363636363
540844,0.7276363636363636
464375,0.8941818181818182
140000,0.25345454545454543
733384,0.9203636363636364
963306,0.9650909090909091
199330,0.07018181818181818
611344,0.8349090909090909
550231,0.2570909090909091
679007,0.5672727272727273
230535,0.47745454545454546
188853,0.6978181818181818
335369,0.3894545454545454
827148,0.2512727272727273
254919,0.8178181818181818
965945,0.5632727272727273
560426,0.602909090909091
319857,0.27781818181818185
784307,0.8829090909090909
561817,0.20836363636363636
674647,0.8174545454545454
613890,0.8887272727272727
670765,0.7923636363636364
675260,0.20072727272727273
701376,0.16
981474,0.4730909090909091
735900,0.8072727272727273
477421,0.776
694783,0.9330909090909091
361587,0.3654545454545454
778965,0.2585454545454545
249564,0.9309090909090909
846337,0.8112727272727273
347558,0.2876363636363637
232320,0.74
811968,0.7832727272727273
132878,0.5901818181818181
184467,0.8549090909090908
307167,0.66
614077,0.8058181818181819
203372,0.5581818181818182
741327,0.14
899707,0.49418181818181817
414462,0.03018181818181818
447411,0.9494545454545454
550658,0.8356363636363636
205633,0.5454545454545454
175339,0.5330909090909091
484278,0.8407272727272728
784015,0.40181818181818185
461527,0.7243636363636364
699372,0.649090909090909
865336,0.730909090909091
476044,0.3349090909090909
565733,0.6309090909090909
705599,0.7527272727272727
174208,0.7643636363636364
445429,0.27636363636363637
792689,0.33199999999999996
465315,0.5101818181818182
781180,0.6414545454545454
728472,0.796
352433,0.7
341033,0.47345454545454546
216186,0.13272727272727272
416952,0.05545454545454546
217716,0.47163636363636363
471079,0.12872727272727272
559354,0.39854545454545454
504209,0.8083636363636364
374616,0.27272727272727276
673428,0.3381818181818182
212045,0.7854545454545455
111750,0.1709090909090909
684984,0.44399999999999995
541212,0.41454545454545455
967803,0.21054545454545454
167685,0.9538181818181819
857500,0.8320000000000001
889638,0.17927272727272725
583614,0.8327272727272728
283709,0.05545454545454546
301862,0.38963636363636367
240647,0.3607272727272727
325329,0.8694545454545455
436342,0.1690909090909091
236545,0.27054545454545453
380705,0.552
670246,0.4938181818181818
931351,0.8323636363636364
357882,0.26618181818181813
813275,0.8036363636363636
999567,0.18472727272727274
573740,0.7654545454545455
655196,0.5047272727272727
436227,0.8309090909090909
573413,0.7636363636363637
372671,0.20727272727272728
201476,0.14254545454545453
953201,0.802909090909091
273278,0.5047272727272727
211651,0.5883636363636364
121357,0.6254545454545455
563009,0.3527272727272727
162121,0.35163636363636364
565549,0.8945454545454545
773599,0.9301818181818182
656775,0.3472727272727273
147582,0.6923636363636363
336039,0.8472727272727273
268629,0.7465454545454545
684292,0.6745454545454546
480476,0.26
769339,0.3090909090909091
826164,0.09381818181818183
971900,0.8570909090909091
494735,0.2614545454545455
111286,0.3418181818181818
735842,0.36254545454545456
661569,0.28763636363636363
871635,0.6443636363636364
745861,0.8640000000000001
194292,0.052000000000000005
456545,0.132
842532,0.22872727272727272
231787,0.17236363636363639
742589,0.3418181818181818
254513,0.6301818181818182
842620,0.4658181818181818
968517,0.3021818181818182
259283,0.36618181818181816
462707,0.09781818181818182
493529,0.5709090909090909
213999,0.38945454545454544
294660,0.08690909090909091
550106,0.18618181818181817
221126,0.5218181818181818
561856,0.6912727272727273
225182,0.48
332206,0.04836363636363636
932436,0.49636363636363634
833589,0.8218181818181818
250346,0.22163636363636363
888660,0.057818181818181824
451311,0.8385454545454545
248519,0.32545454545454544
307463,0.8447272727272728
204323,0.336
977173,0.8512727272727272
971002,0.758909090909091
670878,0.3236363636363636
661930,0.20436363636363636
536393,0.6541818181818182
349236,0.26690909090909093
603559,0.29854545454545456
600948,0.5367272727272727
745330,0.43018181818181817
602463,0.472
725231,0.3109090909090909
882026,0.3043636363636364
114573,0.14763636363636365
576691,0.36618181818181816
705182,0.9250909090909091
852656,0.9501818181818182
670932,0.32072727272727275
469053,0.14727272727272728
298555,0.23963636363636365
115702,0.5167272727272727
570588,0.6436363636363637
815274,0.3483636363636363
448629,0.1861818181818182
763065,0.8723636363636363
306660,0.4643636363636363
157474,0.0978181818181818
904379,0.1290909090909091
732455,0.2927272727272727
250641,0.28909090909090907
221689,0.6247272727272727
359383,0.7934545454545455
826022,0.13745454545454547
792207,0.6436363636363637
239532,0.03636363636363636
902802,0.6210909090909091
676967,0.6570909090909092
212278,0.25381818181818183
851448,0.7432727272727273
794371,0.7945454545454546
748104,0.745090909090909
829863,0.21127272727272728
564337,0.9450909090909091
794073,0.26545454545454544
962038,0.7698181818181818
570081,0.7745454545454544
962606,0.7363636363636363
924807,0.8894545454545455
259632,0.46763636363636363
405267,0.7072727272727273
458199,0.12981818181818183
869331,0.2258181818181818
439647,0.35163636363636364
988897,0.8410909090909091
663179,0.18
563391,0.31636363636363635
648362,0.18181818181818182
875834,0.44545454545454544
602929,0.8469090909090908
879764,0.4614545454545455
892255,0.6272727272727273
118846,0.8774545454545455
243545,0.22690909090909092
563021,0.3174545454545455
661862,0.3210909090909091
613829,0.11527272727272728
481811,0.36763636363636365
957705,0.43636363636363634
636223,0.22799999999999998
463832,0.8629090909090908
237437,0.3483636363636364
815043,0.9636363636363636
708014,0.5381818181818182
522507,0.027636363636363633
727074,0.9210909090909091
666826,0.3229090909090909
783173,0.19272727272727272
715049,0.736
362285,0.9007272727272728
481801,0.2272727272727273
998145,0.4072727272727273
106059,0.6920000000000001
398789,0.9781818181818182
239357,0.38472727272727275
353035,0.268
488850,0.5978181818181818
728639,0.8607272727272728
327745,0.128
617653,0.29454545454545455
958474,0.5589090909090909
374779,0.5203636363636364
465550,0.17127272727272727
780959,0.5632727272727273
776845,0.6665454545454546
581986,0.19745454545454547
859078,0.8229090909090908
384235,0.20472727272727276
172313,0.2061818181818182
710155,0.6759999999999999
496917,0.0730909090909091
669796,0.7381818181818182
407754,0.6992727272727273
726333,0.4021818181818182
141632,0.6854545454545454
412438,0.6941818181818182
612556,0.364
220163,0.9625454545454545
332565,0.4261818181818182
670370,0.22872727272727275
721764,0.7847272727272727
838941,0.8876363636363637
347234,0.8727272727272728
290174,0.24145454545454545
584967,0.08472727272727273
975472,0.3552727272727273
928833,0.15563636363636366
722884,0.2181818181818182
359907,0.12981818181818183
739073,0.8774545454545455
618207,0.9563636363636364
831673,0.29854545454545456
247804,0.7810909090909091
419167,0.8905454545454545
896415,0.24545454545454545
525527,0.37272727272727274
971615,0.09345454545454544
690206,0.7247272727272728
548425,0.2389090909090909
668293,0.5454545454545454
654570,0.6672727272727272
505403,0.5341818181818182
453108,0.07272727272727272
722922,0.8287272727272728
944299,0.7461818181818182
242350,0.5887272727272727
994966,0.2981818181818182
748436,0.5109090909090909
196595,0.5054545454545454
436230,0.28327272727272723
800434,0.6941818181818182
518471,0.7221818181818183
586461,0.5178181818181818
830235,0.22727272727272727
178518,0.2509090909090909
914931,0.49963636363636366
178010,0.7741818181818182
548795,0.765090909090909
445321,0.9207272727272727
322910,0.6381818181818182
887612,0.9418181818181818
442128,0.07490909090909091
276572,0.6163636363636363
397961,0.33090909090909093
251624,0.18763636363636363
859488,0.37636363636363634
918673,0.3967272727272727
319055,0.3418181818181818
413954,0.45345454545454544
242223,0.5527272727272727
728136,0.38963636363636367
146376,0.3927272727272727
472640,0.7970909090909091
381978,0.8250909090909091
720634,0.4127272727272727
766385,0.1483636363636364
876083,0.43672727272727274
860246,0.48727272727272725
978094,0.046909090909090914
782508,0.35054545454545455
770976,0.5734545454545454
685734,0.8127272727272727
948240,0.19236363636363635
482631,0.17418181818181816
221243,0.7563636363636363
734209,0.7036363636363636
936099,0.5920000000000001
918072,0.7636363636363637
158908,0.43454545454545457
751405,0.46072727272727276
896979,0.07636363636363637
219187,0.15236363636363637
628029,0.19090909090909092
634946,0.6712727272727272
773375,0.749090909090909
660249,0.27781818181818185
385704,0.38927272727272727
520450,0.44618181818181823
885990,0.5083636363636364
520058,0.524
501761,0.2429090909090909
767464,0.21163636363636362
290289,0.8287272727272728
487949,0.21054545454545456
558731,0.31127272727272726
714499,0.8523636363636363
901848,0.09563636363636363
653663,0.37418181818181817
756001,0.7883636363636364
832163,0.9418181818181818
302128,0.7556363636363637
337463,0.2927272727272727
809489,0.11418181818181818
683503,0.27454545454545454
186222,0.5232727272727272
416480,0.7330909090909091
269096,0.4243636363636364
719507,0.7123636363636364
541576,0.22054545454545454
243675,0.22290909090909092
545837,0.7581818181818182
853662,0.12363636363636364
178911,0.44036363636363635
770022,0.524
437761,0.2130909090909091
804538,0.21454545454545454
637212,0.9363636363636364
610284,0.8629090909090908
866137,0.27054545454545453
652024,0.3265454545454546
771182,0.8999999999999999
528056,0.14163636363636362
986308,0.13163636363636363
439346,0.7836363636363637
710994,0.672
117592,0.27236363636363636
929000,0.37018181818181817
851214,0.7101818181818182
107543,0.34654545454545455
281917,0.5745454545454546
376781,0.3498181818181818
860110,0.66
914178,0.13854545454545455
204853,0.08000000000000002
848649,0.12727272727272726
326228,0.2556363636363636
813772,0.21636363636363637
907525,0.7992727272727272
103351,0.6007272727272728
935908,0.7076363636363636
874085,0.8087272727272727
164029,0.648
374194,0.3054545454545454
828188,0.26
751907,0.21945454545454546
357447,0.2429090909090909
448270,0.7094545454545454
326062,0.6756363636363636
465421,0.8629090909090908
862985,0.054181818181818185
286338,0.9087272727272728
405912,0.5981818181818181
589728,0.23600000000000002
984489,0.7105454545454546
873205,0.4832727272727273
638122,0.8083636363636364
647375,0.8578181818181818
898363,0.8636363636363636
532978,0.392
489216,0.29672727272727273
284838,0.27272727272727276
770719,0.16072727272727272
147076,0.7963636363636364
909292,0.628
797784,0.3665454545454545
380682,0.8629090909090908
934929,0.4832727272727273
161296,0.6356363636363636
195956,0.4421818181818182
770452,0.19854545454545452
688035,0.8454545454545455
136522,0.6869090909090909
936251,0.5578181818181819
925734,0.3538181818181818
413277,0.26290909090909087
756765,0.5472727272727272
704948,0.8847272727272728
544114,0.7025454545454546
568605,0.9309090909090909
468754,0.22363636363636363
844485,0.9050909090909091
866897,0.8519999999999999
541312,0.489090909090909
472231,0.3905454545454546
937262,0.7290909090909091
119329,0.3469090909090909
619002,0.6894545454545454
455795,0.8781818181818182
935806,0.2821818181818182
898872,0.6887272727272727
931033,0.8349090909090908
852606,0.4189090909090909
611518,0.7036363636363636
275701,0.8432727272727273
199493,0.35745454545454547
996776,0.5567272727272727
436478,0.9261818181818182
481235,0.03781818181818182
472150,0.37345454545454543
799111,0.3527272727272727
142606,0.27654545454545454
602754,0.5545454545454545
993581,0.6629090909090909
290222,0.32145454545454544
715681,0.6523636363636364
376069,0.12763636363636363
367648,0.46218181818181825
545599,0.8745454545454545
802650,0.8581818181818182
240824,0.22163636363636363
301080,0.5883636363636364
504013,0.11963636363636362
708177,0.8570909090909091
883644,0.4167272727272727
353445,0.07345454545454545
680491,0.7454545454545455
674225,0.5807272727272728
959878,0.24581818181818182
472276,0.8636363636363636
853782,0.07381818181818182
318822,0.42363636363636364
428873,0.23199999999999998
409064,0.5621818181818182
707809,0.8869090909090909
532472,0.27454545454545454
965664,0.21636363636363637
719879,0.3101818181818182
959475,0.632
344372,0.12509090909090909
691005,0.8967272727272728
757936,0.31163636363636366
170479,0.164
407955,0.13345454545454546
950266,0.8654545454545455
484635,0.19018181818181817
825538,0.6839999999999999
743569,0.8363636363636363
605412,0.8527272727272728
324321,0.28
224560,0.12727272727272726
240393,0.9163636363636363
922616,0.8374545454545455
725054,0.7865454545454545
831937,0.3738181818181818
514882,0.15563636363636363
466941,0.889090909090909
790245,0.22400000000000003
599938,0.8690909090909091
905001,0.7745454545454545
129053,0.44872727272727275
748228,0.3061818181818182
963231,0.9505454545454545
260167,0.40254545454545454
970453,0.07236363636363637
241965,0.13345454545454546
272021,0.21454545454545454
280357,0.43745454545454543
285360,0.9763636363636363
720794,0.7072727272727273
692257,0.5563636363636364
591779,0.3221818181818182
206215,0.1930909090909091
105150,0.19745454545454547
801610,0.25963636363636367
603461,0.8821818181818182
968279,0.9239999999999999
754454,0.42727272727272725
695165,0.308
429097,0.16545454545454547
875234,0.4894545454545454
762624,0.38145454545454544
751018,0.23636363636363636
801760,0.2941818181818182
106513,0.3472727272727273
906343,0.9098181818181819
515654,0.44
362601,0.7083636363636363
638175,0.3567272727272727
520707,0.24181818181818182
182989,0.5436363636363636
399876,0.4429090909090909
922431,0.9112727272727272
305708,0.7090909090909091
151193,0.6341818181818182
828482,0.6403636363636364
263055,0.2672727272727273
436285,0.5341818181818182
200428,0.6
782897,0.244
472840,0.04654545454545454
609682,0.6036363636363636
607834,0.41854545454545455
475757,0.31927272727272726
492599,0.15672727272727274
970669,0.06836363636363635
837183,0.3709090909090909
747997,0.9843636363636363
100693,0.25963636363636367
514191,0.18145454545454548
508910,0.4378181818181818
217134,0.15672727272727272
626712,0.9189090909090909
897460,0.34690909090909094
703510,0.7974545454545454
286828,0.9545454545454545
741362,0.02181818181818182
861117,0.25236363636363635
764575,0.9018181818181817
886816,0.2450909090909091
105768,0.24618181818181817
695752,0.38963636363636367
420015,0.43272727272727274
898820,0.6072727272727273
737008,0.2443636363636364
636739,0.8916363636363636
708011,0.7109090909090909
285004,0.7109090909090909
214352,0.7803636363636364
693238,0.4423636363636364
192377,0.5730909090909091
731510,0.4341818181818181
315811,0.096
877749,0.8676363636363635
130260,0.44
493313,0.873090909090909
399464,0.9258181818181819
960026,0.6534545454545455
912942,0.8690909090909091
764603,0.11163636363636364
908672,0.76
620724,0.3189090909090909
535806,0.5778181818181818
310357,0.19454545454545455
124843,0.05818181818181818
264802,0.2829090909090909
258803,0.6083636363636364
323094,0.06
694565,0.02
286616,0.5992727272727273
762957,0.9007272727272727
887472,0.07454545454545454
572761,0.48
442031,0.9854545454545455
801867,0.8352727272727273
253764,0.07854545454545454
517966,0.1970909090909091
798782,0.3352727272727273
768999,0.5854545454545454
705979,0.7436363636363637
203297,0.4072727272727273
972579,0.5905454545454545
258999,0.2978181818181818
174024,0.20254545454545453
994239,0.4021818181818182
640479,0.8494545454545455
137757,0.08981818181818182
662550,0.47854545454545455
244758,0.07999999999999999
567681,0.6509090909090909
847584,0.41818181818181815
191062,0.3258181818181818
445231,0.5010909090909091
816975,0.41600000000000004
822157,0.8436363636363635
137064,0.41818181818181815
988127,0.21818181818181817
411898,0.2229090909090909
629446,0.9490909090909091
900882,0.6556363636363636
846140,0.696
213190,0.9054545454545454
236895,0.21927272727272729
447498,0.14254545454545453
565286,0.5330909090909091
772458,0.8374545454545455
966858,0.2338181818181818
840148,0.29963636363636365
829344,0.6072727272727272
878926,0.1570909090909091
154507,0.4254545454545454
251676,0.17709090909090908
593115,0.6174545454545455
552207,0.38
704360,0.20727272727272728
855683,0.9610909090909091
907012,0.8087272727272727
132085,0.5905454545454545
945255,0.3432727272727273
654278,0.13454545454545455
826330,0.4556363636363637
373799,0.11236363636363637
798272,0.40800000000000003
997606,0.6858181818181819
226762,0.13890909090909093
827917,0.7487272727272728
962264,0.18727272727272729
257630,0.8196363636363636
202453,0.14654545454545453
456956,0.14690909090909093
809257,0.8512727272727273
315325,0.6083636363636364
868999,0.10727272727272727
693657,0.5876363636363637
968930,0.19163636363636363
513118,0.749090909090909
246506,0.7541818181818183
456516,0.44618181818181823
301957,0.3512727272727273
778889,0.49818181818181817
839885,0.6730909090909091
506932,0.8687272727272727
146468,0.7029090909090908
474430,0.8072727272727273
536075,0.07927272727272727
716350,0.12363636363636363
888677,0.6243636363636363
781803,0.6378181818181818
419749,0.15563636363636363
806224,0.5221818181818182
375519,0.6076363636363636
388832,0.68
131956,0.8367272727272728
507852,0.22327272727272726
716825,0.692
531019,0.05563636363636364
501654,0.15127272727272728
643362,0.6294545454545455
384088,0.6789090909090909
868574,0.11272727272727273
648640,0.5530909090909091
409799,0.3196363636363636
624144,0.6029090909090908
315683,0.8912727272727272
882394,0.41054545454545455
240899,0.08545454545454545
677656,0.5756363636363637
509884,0.8861818181818182
318118,0.2530909090909091
396148,0.07527272727272727
400535,0.3410909090909091
844395,0.23454545454545456
599784,0.31927272727272726
941276,0.7461818181818182
592091,0.9178181818181819
581178,0.8414545454545455
256164,0.7018181818181818
505813,0.30363636363636365
811730,0.3727272727272727
670956,0.3381818181818182
925094,0.07563636363636363
676396,0.38436363636363635
781817,0.5672727272727273
547333,0.5763636363636363
209569,0.8465454545454545
955496,0.38945454545454544
618213,0.1618181818181818
541852,0.5840000000000001
515829,0.6214545454545455
804354,0.05454545454545455
877971,0.8309090909090908
549096,0.14836363636363636
272637,0.865090909090909
656539,0.3634545454545454
528270,0.8581818181818182
195885,0.7036363636363636
302295,0.6487272727272728
885724,0.053454545454545456
445422,0.6781818181818182
187451,0.3094545454545455
549323,0.2847272727272727
255180,0.20327272727272727
478557,0.17963636363636365
118709,0.9581818181818181
787632,0.6123636363636364
266049,0.8425454545454545
264552,0.2429090909090909
116468,0.2589090909090909
260023,0.6578181818181819
732293,0.12836363636363637
328082,0.8367272727272728
448547,0.8647272727272727
353711,0.5821818181818181
918810,0.24654545454545454
983356,0.5178181818181817
860318,0.2727272727272727
803805,0.6032727272727272
177636,0.23636363636363636
935863,0.9330909090909091
331416,0.6709090909090909
771627,0.9192727272727272
547123,0.9
169370,0.2309090909090909
876499,0.9381818181818182
610482,0.8181818181818182
888276,0.7796363636363637
957390,0.3552727272727273
684149,0.18945454545454543
487074,0.9029090909090909
611530,0.7970909090909091
471336,0.07672727272727273
976697,0.38145454545454544
557515,0.721090909090909
712125,0.8036363636363636
542203,0.502909090909091
568657,0.8745454545454545
400037,0.1483636363636364
947373,0.35818181818181816
596532,0.8243636363636364
929506,0.8919999999999999
620915,0.44327272727272726
935692,0.8043636363636364
985993,0.24254545454545456
868376,0.6018181818181818
977075,0.11454545454545455
210329,0.5589090909090909
213850,0.32
762049,0.41709090909090907
386524,0.8130909090909091
319505,0.3490909090909091
907055,0.5145454545454546
889275,0.6105454545454545
306004,0.12436363636363637
736975,0.36727272727272725
446773,0.5065454545454546
311625,0.608
774080,0.7087272727272727
243656,0.9723636363636363
623704,0.7181818181818181
859975,0.866909090909091
136926,0.8214545454545454
443574,0.6509090909090909
958037,0.19090909090909092
420686,0.26
193991,0.7658181818181818
582971,0.46181818181818185
864873,0.6483636363636364
805240,0.21090909090909093
995151,0.9345454545454546
807854,0.8581818181818182
776504,0.04290909090909091
177632,0.8141818181818182
309889,0.4905454545454545
107564,0.21163636363636362
436471,0.32145454545454544
199366,0.32218181818181824
842939,0.33236363636363636
897353,0.19418181818181818
369897,0.9167272727272727
674415,0.5618181818181818
230052,0.5763636363636364
193738,0.5727272727272728
316893,0.2083636363636364
441822,0.35709090909090907
597817,0.5650909090909091
712033,0.5472727272727272
135043,0.17745454545454545
337665,0.21381818181818182
227912,0.24545454545454545
712248,0.39454545454545453
182993,0.8327272727272728
299216,0.92
113719,0.8981818181818182
820116,0.3109090909090909
643274,0.8625454545454545
443461,0.20945454545454545
879283,0.5890909090909091
733935,0.38181818181818183
185300,0.33636363636363636
763070,0.09090909090909091
380288,0.7647272727272727
124057,0.1
237636,0.31272727272727274
834006,0.8112727272727273
587297,0.9945454545454545
184224,0.8978181818181818
537578,0.3654545454545455
277249,0.6636363636363637
469814,0.741090909090909
661762,0.09454545454545454
316907,0.08472727272727273
830099,0.9163636363636364
289773,0.8614545454545455
795932,0.6727272727272726
334112,0.26945454545454545
189476,0.09709090909090909
984129,0.6218181818181818
161714,0.5149090909090909
659057,0.6927272727272726
267778,0.3236363636363636
955885,0.34109090909090906
947432,0.37018181818181817
811216,0.12690909090909092
738600,0.07272727272727272
214240,0.8334545454545454
781743,0.17672727272727273
284275,0.41854545454545455
289712,0.21963636363636363
169504,0.1629090909090909
515050,0.8025454545454546
349407,0.3687272727272727
753269,0.8490909090909091
659205,0.40909090909090906
922430,0.49636363636363634
365029,0.424
930295,0.3894545454545454
491071,0.7821818181818181
729435,0.8738181818181818
574313,0.5992727272727273
170467,0.14909090909090908
309920,0.3312727272727273
682005,0.8483636363636362
806499,0.5494545454545454
602734,0.8490909090909091
305473,0.1741818181818182
771461,0.6418181818181818
918043,0.7836363636363637
595553,0.13272727272727275
880995,0.7189090909090909
660920,0.7709090909090909
541672,0.5145454545454545
176285,0.56
366383,0.3974545454545455
708510,0.40636363636363637
846622,0.6974545454545455
387804,0.3229090909090909
663794,0.40618181818181814
864347,0.8574545454545455
733051,0.3185454545454545
393261,0.37490909090909086
695155,0.9094545454545455
300132,0.730909090909091
764604,0.2752727272727273
653410,0.18727272727272729
539700,0.43454545454545457
976181,0.23018181818181815
993616,0.06909090909090909
571651,0.196
645126,0.528
928081,0.11927272727272728
155175,0.31745454545454543
104564,0.6465454545454545
133724,0.1807272727272727
972394,0.136
978585,0.06909090909090909
646561,0.38727272727272727
935452,0.3527272727272727
534690,0.4083636363636364
396199,0.4309090909090909
956529,0.8745454545454545
366338,0.8792727272727273
726511,0.2069090909090909
196238,0.14145454545454544
548569,0.7345454545454546
606702,0.11527272727272728
264845,0.628
150820,0.13090909090909092
562291,0.8603636363636363
505175,0.6967272727272726
715384,0.14181818181818182
900926,0.46399999999999997
988379,0.7243636363636364
571935,0.8727272727272727
351002,0.1970909090909091
426677,0.18363636363636363
323473,0.5712727272727273
272072,0.9265454545454546
593875,0.5290909090909092
347343,0.2752727272727273
951446,0.3352727272727273
649727,0.07818181818181819
376260,0.09272727272727273
968313,0.5196363636363637
249484,0.09345454545454546
655102,0.836
954522,0.37563636363636366
125887,0.23381818181818181
503944,0.5890909090909091
344194,0.2752727272727273
152416,0.7036363636363636
967414,0.7963636363636364
390199,0.4047272727272727
542495,0.24254545454545454
652271,0.12545454545454546
678604,0.4690909090909091
163061,0.8421818181818181
314578,0.2949090909090909
685967,0.4581818181818182
692531,0.692
897285,0.36727272727272725
655292,0.8916363636363637
316040,0.8007272727272727
947893,0.8170909090909091
511708,0.5996363636363635
122334,0.33709090909090905
227989,0.16218181818181818
271007,0.6345454545454545
227181,0.16
418005,0.824
593689,0.9545454545454545
386372,0.9181818181818182
810019,0.524
819707,0.34363636363636363
278330,0.7021818181818182
503415,0.19272727272727272
714025,0.8327272727272728
914458,0.1021818181818182
304752,0.4018181818181818
197089,0.46109090909090905
233801,0.44436363636363635
903138,0.2509090909090909
426662,0.37527272727272726
172125,0.43272727272727274
632483,0.16727272727272727
617339,0.09345454545454546
244457,0.41927272727272724
933795,0.4763636363636364
895494,0.9018181818181819
175049,0.772
215361,0.23709090909090907
328949,0.3821818181818182
915900,0.6679999999999999
564771,0.614909090909091
413326,0.05545454545454546
503217,0.6865454545454546
433886,0.9236363636363636
987984,0.3643636363636364
496522,0.8218181818181818
236316,0.06909090909090909
504766,0.3821818181818182
845944,0.1829090909090909
394012,0.58
608585,0.5327272727272727
839997,0.8785454545454545
484755,0.33636363636363636
311117,0.5505454545454544
779979,0.5734545454545454
647175,0.8767272727272728
378083,0.8130909090909091
108895,0.26036363636363635
822130,0.76
761939,0.5432727272727274
805660,0.27636363636363637
875733,0.37054545454545457
676331,0.8669090909090909
552759,0.38399999999999995
647598,0.12872727272727272
522144,0.7909090909090909
315689,0.14909090909090908
428186,0.8854545454545455
749381,0.5767272727272728
551930,0.7865454545454545
123187,0.5607272727272727
716174,0.148
361445,0.6494545454545455
514495,0.7927272727272727
619837,0.6025454545454545
187583,0.4745454545454546
233353,0.4203636363636364
203314,0.20327272727272727
902174,0.6036363636363636
420684,0.9043636363636365
187005,0.2810909090909091
328089,0.2829090909090909
507644,0.82
157826,0.750909090909091
101967,0.6901818181818182
881755,0.9654545454545456
167116,0.4727272727272727
829268,0.9381818181818181
852019,0.7327272727272727
547369,0.3490909090909091
946254,0.13709090909090907
501071,0.10727272727272727
554919,0.8850909090909092
881532,0.21236363636363637
784780,0.25272727272727274
850366,0.9763636363636363
979764,0.9065454545454544
591232,0.4923636363636364
759564,0.23418181818181819
287221,0.5330909090909092
381320,0.5367272727272727
778196,0.5974545454545455
820448,0.7894545454545455
918974,0.5941818181818181
557857,0.944
498278,0.6596363636363636
497122,0.7654545454545454
324868,0.2621818181818182
909146,0.4581818181818182
869966,0.8454545454545455
572217,0.48109090909090907
534234,0.41854545454545455
206997,0.06
712903,0.5116363636363637
759561,0.7403636363636363
318847,0.39090909090909093
250433,0.3898181818181818
305023,0.41963636363636364
902735,0.28363636363636363
326661,0.11272727272727273
614017,0.27345454545454545
899853,0.027272727272727275
956808,0.43454545454545457
376214,0.8727272727272728
142012,0.8290909090909091
798201,0.11963636363636362
778789,0.045454545454545456
647978,0.3527272727272728
178505,0.890909090909091
187060,0.2730909090909091
173371,0.8072727272727273
151667,0.9450909090909091
854019,0.8534545454545455
928877,0.6047272727272728
288687,0.765090909090909
586845,0.7425454545454546
524137,0.031818181818181815
605310,0.14800000000000002
451881,0.6916363636363637
863501,0.17527272727272727
202529,0.38927272727272727
327303,0.8116363636363636
620063,0.16036363636363637
626665,0.5625454545454546
348583,0.5945454545454546
761852,0.8145454545454545
266469,0.86
383586,0.18109090909090905
292986,0.8527272727272728
483442,0.16727272727272727
517202,0.13818181818181818
618594,0.6327272727272727
519626,0.7527272727272727
560915,0.8567272727272728
794045,0.5836363636363636
857030,0.23563636363636362
426300,0.49927272727272726
986749,0.16727272727272727
895659,0.8236363636363636
834864,0.2883636363636363
791583,0.1298181818181818
669961,0.6803636363636364
181860,0.4498181818181818
328521,0.8076363636363636
905589,0.04363636363636364
139592,0.7054545454545454
720235,0.20072727272727273
406707,0.46181818181818185
661145,0.6192727272727273
856599,0.3552727272727273
589494,0.3341818181818182
864851,0.649090909090909
157083,0.3
512743,0.6320000000000001
471724,0.18218181818181817
652214,0.17272727272727273
746146,0.5192727272727273
597825,0.2421818181818182
706658,0.9345454545454546
499334,0.18581818181818183
678345,0.8836363636363637
550987,0.86
462750,0.8829090909090909
596066,0.14545454545454545
994592,0.9050909090909091
787446,0.9189090909090909
841824,0.020727272727272726
366918,0.12581818181818183
336926,0.9381818181818182
879428,0.8072727272727274
991833,0.8523636363636362
290306,0.9785454545454545
297969,0.24727272727272726
617391,0.5141818181818182
941733,0.08872727272727274
531309,0.8749090909090909
584937,0.43927272727272726
761200,0.8872727272727272
293699,0.15672727272727272
746654,0.7454545454545455
534219,0.41763636363636364
951602,0.2610909090909091
300065,0.750909090909091
271164,0.9432727272727273
217711,0.23127272727272727
456787,0.24945454545454546
499599,0.9294545454545455
965783,0.9040000000000001
832023,0.9592727272727273
920778,0.5276363636363636
494649,0.804
428774,0.24909090909090909
507512,0.4081818181818182
417516,0.2472727272727273
588448,0.6418181818181818
560847,0.3472727272727273
508149,0.501090909090909
418697,0.22
299878,0.8709090909090909
529020,0.9570909090909091
198941,0.40545454545454546
108812,0.9527272727272728
229016,0.4450909090909091
490625,0.8145454545454546
163534,0.0890909090909091
185264,0.7847272727272727
856123,0.2872727272727273
562127,0.3625454545454545
927462,0.7836363636363637
520191,0.8392727272727273
372302,0.9054545454545454
574910,0.753090909090909
139083,0.9421818181818182
595300,0.20854545454545456
871034,0.7272727272727273
552619,0.9490909090909091
106132,0.3709090909090909
349340,0.4450909090909091
706471,0.11090909090909092
100183,0.6658181818181818
969725,0.16763636363636364
109319,0.2807272727272727
518765,0.8407272727272728
118757,0.19
905720,0.07272727272727272
983318,0.7916363636363637
276507,0.3869090909090909
918044,0.43854545454545457
126584,0.11
331323,0.6258181818181818
804671,0.07636363636363637
829491,0.1410909090909091
720650,0.7970909090909091
588479,0.6789090909090909
927720,0.1709090909090909
589969,0.9832727272727273
770656,0.8567272727272728
717214,0.1996363636363636
958825,0.730909090909091
716197,0.708
765779,0.2847272727272727
579490,0.18981818181818183
505076,0.5741818181818181
719219,0.10836363636363636
344875,0.09454545454545454
197904,0.2594545454545455
509803,0.11963636363636364
589468,0.6123636363636364
243800,0.28654545454545455
931459,0.9323636363636364
394553,0.18545454545454548
937837,0.8821818181818182
858449,0.4109090909090909
852892,0.4316363636363636
287052,0.8541818181818182
554229,0.6934545454545454
615246,0.9098181818181819
143238,0.8556363636363638
236711,0.6585454545454545
199770,0.9029090909090909
488958,0.2741818181818182
151530,0.08981818181818181
525027,0.09272727272727273
869065,0.9723636363636363
372995,0.45236363636363636
194992,0.9345454545454546
461539,0.6352727272727272
222086,0.9127272727272726
602247,0.15236363636363637
181342,0.23854545454545453
827825,0.5309090909090909
466818,0.612
433369,0.36654545454545456
117060,0.2850909090909091
896944,0.5970909090909091
134437,0.16218181818181818
369703,0.7063636363636364
295726,0.7345454545454545
990567,0.16945454545454547
146579,0.6258181818181818
997605,0.09636363636363637
141901,0.6781818181818182
835781,0.21454545454545454
483878,0.8341818181818181
175036,0.7665454545454546
375528,0.2570909090909091
731312,0.26036363636363635
881798,0.8047272727272727
606287,0.5938181818181818
299134,0.7734545454545454
988754,0.9207272727272727
542133,0.24254545454545454
268334,0.35054545454545455
963734,0.01709090909090909
542387,0.9818181818181818
568919,0.07054545454545455
603513,0.6872727272727273
348555,0.6945454545454546
925231,0.2814545454545454
177629,0.9403636363636364
737348,0.9058181818181819
623768,0.10072727272727272
551782,0.09490909090909092
237599,0.8218181818181818
179124,0.1781818181818182
107270,0.2545454545454545
968295,0.8527272727272728
660925,0.12000000000000002
954276,0.4738181818181818
310636,0.4792727272727273
271236,0.8109090909090909
350362,0.5574545454545454
273124,0.914909090909091
962551,0.8872727272727273
399118,0.6654545454545454
949861,0.14472727272727273
261031,0.44327272727272726
523916,0.5574545454545454
243389,0.673090909090909
541248,0.06763636363636363
788744,0.6545454545454545
347130,0.4450909090909091
845905,0.3483636363636364
138513,0.24545454545454548
135490,0.02836363636363636
637696,0.5581818181818182
163963,0.4141818181818182
843186,0.9305454545454546
814699,0.8527272727272728
585332,0.46399999999999997
876302,0.8640000000000001
734595,0.889090909090909
187115,0.5694545454545454
464157,0.9890909090909091
720125,0.5949090909090908
514997,0.19454545454545458
208596,0.9
577986,0.6294545454545455
909813,0.20727272727272728
781981,0.4301818181818182
388457,0.37272727272727274
948681,0.35745454545454547
269252,0.23600000000000002
916979,0.8149090909090908
668718,0.8436363636363636
368195,0.6269090909090909
591466,0.7330909090909091
488833,0.5643636363636364
690292,0.8301818181818181
914690,0.24145454545454548
488006,0.773090909090909
717151,0.3858181818181818
896782,0.20400000000000001
158793,0.8421818181818181
531466,0.32945454545454544
153130,0.6770909090909091
781399,0.21454545454545454
103963,0.23054545454545455
463465,0.9290909090909091
364970,0.088
752110,0.9072727272727272
419475,0.47963636363636364
426061,0.3698181818181818
168715,0.1527272727272727
918011,0.6763636363636364
233567,0.8410909090909091
180206,0.8967272727272728
751882,0.4389090909090909
683194,0.5694545454545454
936004,0.6316363636363636
694142,0.2
658440,0.034545454545454546
934329,0.8381818181818181
285490,0.04072727272727273
625025,0.8138181818181818
697886,0.216
279578,0.9061818181818182
872620,0.05545454545454546
190154,0.1632727272727273
730722,0.41818181818181815
958621,0.42
766452,0.5021818181818182
993892,0.5898181818181818
579968,0.7356363636363636
172943,0.7563636363636363
382268,0.5916363636363636
