id,label
R4cce30,blast
Ref35c1,healthy
R97d76e,healthy
Rad7aa5,nitrogen_deficiency
R095020,healthy
R3827ee,blast
R6f25e0,healthy
Rd6f7cc,brown_spot
R681e47,bacterial_blight
Rec4497,healthy
R2823f1,nitrogen_deficiency
Rc1b065,healthy
R82c54c,brown_spot
Rebcffa,healthy
R21e7ca,bacterial_blight
R4207a6,healthy
Re70b71,blast
Reefc18,brown_spot
R465ff6,healthy
R4db45b,nitrogen_deficiency
R4c32a8,healthy
R66c340,nitrogen_deficiency
R5e0311,blast
R7da6d4,nitrogen_deficiency
Rd1fd81,healthy
Ra541d0,healthy
R1a2135,blast
Rd5d9cf,brown_spot
R397fdd,healthy
R92dc4d,healthy
Rbf073a,blast
R2aa35f,bacterial_blight
Rc173b5,healthy
Rc3165a,blast
R4d1c8b,healthy
R6c988e,blast
R18e8cf,healthy
Ra3dd86,bacterial_blight
Rc61233,bacterial_blight
R4f6d95,healthy
Rd91d78,brown_spot
R337f0f,blast
R5abeed,healthy
R425a82,brown_spot
R629e23,healthy
R899c29,healthy
Rbd890d,healthy
Rb09bc9,healthy
R022e1b,blast
R5cabe9,nitrogen_deficiency
R6c89b9,healthy
R8d61bf,healthy
R27bfd7,bacterial_blight
Ref01d0,healthy
Rfa79ad,bacterial_blight
R9907fc,brown_spot
R2ca8fd,healthy
R0dc741,bacterial_blight
R3d94d9,healthy
Rf5daa8,healthy
R9f9b36,blast
Re49f2f,nitrogen_deficiency
R33297d,brown_spot
R447772,nitrogen_deficiency
R59a98a,healthy
Ra84f10,bacterial_blight
Rf605b8,nitrogen_deficiency
Rffee94,nitrogen_deficiency
R348605,brown_spot
R68a024,healthy
R54b72b,healthy
Rf1bfc5,nitrogen_deficiency
Rb4603c,bacterial_blight
Rc72c03,nitrogen_deficiency
R594cd5,healthy
R59edd6,bacterial_blight
R27a620,healthy
Re4cd5a,blast
R39d40b,nitrogen_deficiency
R65e6e1,blast
R50fc58,healthy
Re7f333,blast
Re6b90e,healthy
R3c9fd8,nitrogen_deficiency
Rbbf5e2,brown_spot
Rb3bd9b,nitrogen_deficiency
Rfb9d4e,nitrogen_deficiency
R9540af,bacterial_blight
R7aa435,healthy
R9ee07a,blast
R095812,healthy
R7d04fb,healthy
R6e2220,nitrogen_deficiency
Rdfad28,healthy
Rfd1f8b,nitrogen_deficiency
R6e08c6,brown_spot
R39e08c,blast
R05830c,healthy
R9916bf,healthy
Rab7c58,healthy
Rde2bc2,nitrogen_deficiency
R830c82,nitrogen_deficiency
R205da1,healthy
R537c73,brown_spot
Reeaa69,nitrogen_deficiency
Ra8699b,nitrogen_deficiency
Ra00f46,nitrogen_deficiency
R3372f2,healthy
R31883c,healthy
Rc5f654,bacterial_blight
R0fcdbb,brown_spot
R80236c,healthy
Rc08e00,healthy
R96d42f,bacterial_blight
R155bc9,healthy
Rc079c6,healthy
R857c62,bacterial_blight
Rbe9d27,nitrogen_deficiency
R282ac7,healthy
R7f9859,nitrogen_deficiency
Ref66ac,healthy
Ra2c8d2,blast
Rb65a34,blast
R1cecf7,blast
R356476,brown_spot
R09b0ba,bacterial_blight
R64145d,nitrogen_deficiency
Rb730ea,brown_spot
Ra18166,bacterial_blight
R48c5ba,healthy
Raa5f66,bacterial_blight
R2e0887,nitrogen_deficiency
R4ade54,nitrogen_deficiency
R1fd84c,brown_spot
R32d35b,blast
R062d34,healthy
R7f7df7,nitrogen_deficiency
R9b3753,blast
R77eef9,blast
R4281db,brown_spot
Rd516e9,nitrogen_deficiency
R20dd42,healthy
Rbba953,blast
R3f97a1,brown_spot
Raef094,nitrogen_deficiency
Ra536e2,nitrogen_deficiency
R905ca8,healthy
Rc363f2,healthy
R6e9f2a,healthy
R39100e,healthy
R74d82c,nitrogen_deficiency
R8382fe,brown_spot
R017feb,nitrogen_deficiency
R2aba1e,healthy
R43366c,nitrogen_deficiency
R73e1f7,brown_spot
R666234,blast
R4c4c24,brown_spot
R25e9ed,nitrogen_deficiency
Ra8970b,brown_spot
R7a0f7b,nitrogen_deficiency
R58f096,nitrogen_deficiency
R6e49cd,bacterial_blight
Raa152f,nitrogen_deficiency
R744a65,healthy
R83116e,nitrogen_deficiency
Rd9fce2,brown_spot
Rcf7fd8,nitrogen_deficiency
R8bdbc9,healthy
Rdd1389,healthy
R976b8a,nitrogen_deficiency
R5c5c53,blast
R19c5f0,healthy
R7921ec,blast
Rbc2af0,blast
R13883e,healthy
Rf23ce8,healthy
Rc3f73a,nitrogen_deficiency
Ra9127e,healthy
R7bd805,blast
R171042,brown_spot
R890096,nitrogen_deficiency
R10548a,healthy
R2f4c2f,healthy
Rc91851,healthy
R63d6c0,blast
R6a4bea,healthy
R81a6c8,blast
R8365d9,nitrogen_deficiency
Rd3bd9b,nitrogen_deficiency
Rfd5c73,healthy
R2f73ac,brown_spot
Rea96d1,nitrogen_deficiency
R8f662b,bacterial_blight
R345114,healthy
R1ec025,healthy
R4cb103,healthy
R5f137c,brown_spot
Rdb2611,bacterial_blight
R375d85,bacterial_blight
R86efc4,brown_spot
R191f0f,healthy
Re223d9,bacterial_blight
Rc67e54,healthy
Reab6db,bacterial_blight
R657584,healthy
Rec7d3f,nitrogen_deficiency
R20086a,nitrogen_deficiency
Rdd543d,nitrogen_deficiency
R241b42,blast
R24bcb3,brown_spot
R320fdc,brown_spot
Rf4035e,healthy
R5d4f35,brown_spot
R3ea9f1,blast
R464ffe,healthy
Rc5deca,blast
Rcd1999,bacterial_blight
R28b0c8,healthy
R395980,healthy
Re2262f,nitrogen_deficiency
R97ae02,bacterial_blight
R7d01b9,brown_spot
R6ceecd,healthy
R0cdb94,blast
R15af5a,healthy
R9bfb95,bacterial_blight
R8e3b91,nitrogen_deficiency
R7523a7,brown_spot
Rd38b5b,nitrogen_deficiency
Rde245b,nitrogen_deficiency
R7d94c5,bacterial_blight
Ra1c554,bacterial_blight
R89884b,healthy
Rdf7b91,healthy
R79ebc8,healthy
R14f340,healthy
R9f1941,healthy
R84729b,healthy
R57210f,blast
Ra565ac,healthy
R1fa240,nitrogen_deficiency
R94506b,bacterial_blight
R29ff99,nitrogen_deficiency
R17c559,healthy
Re5d5c1,nitrogen_deficiency
Rb7357b,nitrogen_deficiency
Rda7155,healthy
Reab339,nitrogen_deficiency
R5db81f,brown_spot
Re97c77,blast
R654697,brown_spot
Ra76b38,nitrogen_deficiency
R0b6fff,blast
R0d8d17,healthy
Rfa3db8,healthy
R1e44a1,bacterial_blight
R8d9c9a,brown_spot
Rb6560a,healthy
R103975,healthy
R18f98a,brown_spot
Rb9a7e1,brown_spot
Rfb703d,nitrogen_deficiency
Ra41e0b,brown_spot
Ra7599b,blast
R3db7d1,healthy
R3a53ef,brown_spot
Rc7a755,nitrogen_deficiency
R0affc9,bacterial_blight
Rd9ffb7,nitrogen_deficiency
R11c14b,healthy
R413a44,nitrogen_deficiency
R2e48d1,blast
R2a2095,brown_spot
R81c3eb,blast
R250995,brown_spot
Rc62143,healthy
R30f8ae,blast
R9e3753,brown_spot
R42b73e,blast
R528e58,nitrogen_deficiency
R901455,blast
Rdaa006,healthy
R6c661d,blast
R2ab852,brown_spot
R745cb1,bacterial_blight
R53ef41,blast
Rc820b6,healthy
R1cc974,healthy
Rdc0d53,healthy
R670027,nitrogen_deficiency
R1211b9,nitrogen_deficiency
R06e9de,nitrogen_deficiency
R656b42,nitrogen_deficiency
R414f6b,nitrogen_deficiency
R861906,healthy
R227397,brown_spot
Rb7036b,bacterial_blight
R3da641,healthy
Rf8b73e,healthy
R631926,bacterial_blight
R541e0c,blast
R1918a6,blast
Ra50e05,healthy
Re57b10,bacterial_blight
R93f190,brown_spot
R452b32,nitrogen_deficiency
R090858,blast
R403c23,brown_spot
R62fc55,healthy
R73f141,nitrogen_deficiency
R7b1c2c,nitrogen_deficiency
Rbfe4bb,healthy
R97aec8,bacterial_blight
Rcfcfb2,healthy
R1abf98,healthy
Rf8b661,blast
R19134c,healthy
R60ae57,healthy
Rf7cd7f,healthy
R0eb114,nitrogen_deficiency
R106df7,brown_spot
R4f576a,healthy
Re29c19,nitrogen_deficiency
Rce8084,brown_spot
R39b81b,nitrogen_deficiency
Rfe0190,healthy
R6b416e,healthy
R6dc6aa,healthy
R530d47,bacterial_blight
R5d6a65,blast
R42324d,healthy
R1c4aef,brown_spot
Rfe2342,brown_spot
Rdf8a27,blast
R4b3190,healthy
R775b97,healthy
Rcc6821,brown_spot
R777713,bacterial_blight
R8ed813,healthy
R18592a,healthy
R92799d,blast
R2bf7ba,blast
R5da513,healthy
R839798,blast
Rfaa022,nitrogen_deficiency
R01ba1f,brown_spot
Rb27b48,brown_spot
Rb5b3ec,healthy
R664181,nitrogen_deficiency
R928371,healthy
Rc3617a,brown_spot
R526667,nitrogen_deficiency
R17bfe8,blast
R7ee7d8,healthy
R7f93d2,healthy
R3ab7e3,brown_spot
Rb47370,healthy
R894d58,brown_spot
Rd88f67,nitrogen_deficiency
R5475cd,brown_spot
R48d498,healthy
R027a61,blast
Radc0ab,nitrogen_deficiency
R0dbd3b,bacterial_blight
R84739a,blast
Rfb4587,bacterial_blight
R7f0b64,blast
R0cf457,healthy
Rca4e0d,blast
Rf1b68b,brown_spot
Re63776,blast
Ra03830,healthy
Rf0ce10,bacterial_blight
R5f0678,healthy
Rc71f5e,nitrogen_deficiency
Ref8e6c,blast
Ra9444f,healthy
Rd7cd14,brown_spot
R55b964,healthy
R7e5458,healthy
R19971c,blast
R34daa2,nitrogen_deficiency
Ra4fce8,blast
R74feba,brown_spot
Rb1a9b3,brown_spot
Rf81246,healthy
Rf50e88,nitrogen_deficiency
Rf3c527,nitrogen_deficiency
R9c9155,blast
R46df2e,nitrogen_deficiency
R4dfe46,brown_spot
R54d6db,healthy
R3bf64b,bacterial_blight
R116f18,bacterial_blight
R550799,healthy
Rd74f63,healthy
Re78e43,brown_spot
R199fd0,bacterial_blight
R829b35,blast
R188490,brown_spot
R558a40,blast
R5d8bb3,healthy
Rfe4cdb,brown_spot
R0f20ef,nitrogen_deficiency
R9468f4,brown_spot
R26cf4b,healthy
Ra402fe,healthy
R63697b,healthy
R299a77,bacterial_blight
Rd46b11,blast
Rea207b,brown_spot
R7adc97,nitrogen_deficiency
Rf5c1ee,nitrogen_deficiency
Rf65f7f,bacterial_blight
R4d5dbe,healthy
Rfedbcb,bacterial_blight
R3b0ac6,nitrogen_deficiency
R0e62bb,nitrogen_deficiency
Re45e06,healthy
R4e8dd2,bacterial_blight
R46d5d9,bacterial_blight
R2606de,healthy
R12cdaf,brown_spot
R87ef8b,brown_spot
Rc3d024,nitrogen_deficiency
R78994f,blast
Rf79338,bacterial_blight
R27646b,healthy
R68fda3,bacterial_blight
R68a2e0,healthy
Rfe7dc3,healthy
R154bd7,bacterial_blight
R00ea02,healthy
Re9a8dc,bacterial_blight
R4a9a78,healthy
R7975e4,healthy
Rc15083,blast
R0cb733,healthy
R46c96c,brown_spot
R32a306,blast
R45edb5,nitrogen_deficiency
R4a8c6a,blast
Rc97178,healthy
R58c7a7,healthy
R4a00d3,nitrogen_deficiency
R19d5b8,nitrogen_deficiency
R13d40a,brown_spot
R8ddcb4,bacterial_blight
Rc03fad,bacterial_blight
R62b185,healthy
R079f0f,healthy
R64461b,blast
Rec51eb,healthy
Rfe3cb3,healthy
R2492b2,healthy
R3462e6,blast
R14ff2c,nitrogen_deficiency
R34618e,healthy
R669eef,bacterial_blight
R2cb119,nitrogen_deficiency
R38fe42,healthy
Rfeefc9,blast
R54dedb,nitrogen_deficiency
Rc4aad1,healthy
R586acd,brown_spot
R8dd79c,brown_spot
R67e5c5,nitrogen_deficiency
Rb041e2,blast
R4bedf4,healthy
R8e7ca1,healthy
Rc90166,blast
R97c0af,brown_spot
Rfa40bb,blast
R11ac6d,healthy
R2b2dbe,healthy
Rb23638,blast
Rc581eb,brown_spot
Rdd30e7,brown_spot
R8ba199,blast
R3b0aeb,nitrogen_deficiency
R338378,brown_spot
R65d9a4,brown_spot
Raadd9d,bacterial_blight
Rd07410,nitrogen_deficiency
R437942,healthy
R7de9b5,nitrogen_deficiency
R1da4cd,brown_spot
R7f64a6,bacterial_blight
R16cdc6,nitrogen_deficiency
Rf3aef4,blast
R0e72e8,brown_spot
R634fa6,blast
Rd1d52a,healthy
R8eb2ce,nitrogen_deficiency
Rca9d4a,brown_spot
R2d9118,healthy
Rfbca00,healthy
R122e3f,blast
R26c6f3,blast
R650e1d,healthy
Rfe85d0,nitrogen_deficiency
Rb26039,nitrogen_deficiency
R131bdf,healthy
R178783,healthy
R81abd5,healthy
R6198f7,healthy
R945272,nitrogen_deficiency
R8ab4a7,healthy
R356834,healthy
R602c0d,nitrogen_deficiency
Rf89815,nitrogen_deficiency
R71a428,healthy
R176ccc,healthy
R2d29c8,healthy
R9455a3,bacterial_blight
Rdf76b5,healthy
R724cd5,blast
R824ce3,healthy
R0935ba,nitrogen_deficiency
R8f5fa6,nitrogen_deficiency
R3aae3f,brown_spot
R31a564,nitrogen_deficiency
R734fd3,bacterial_blight
R634bac,brown_spot
Rd4c714,nitrogen_deficiency
Re6eab1,brown_spot
R39c298,healthy
Rd03df2,brown_spot
R73ba84,healthy
R149202,brown_spot
R0f10c7,bacterial_blight
R6a028d,nitrogen_deficiency
R4912c8,healthy
R56b44f,nitrogen_deficiency
R2bac3e,brown_spot
R8d625b,blast
R6d2674,healthy
R994cd9,bacterial_blight
R5b25e9,healthy
Rf673ce,healthy
Rdc4855,brown_spot
R5633f0,brown_spot
Rbadfe4,nitrogen_deficiency
R40af31,nitrogen_deficiency
Re0b3de,healthy
Ra61c76,brown_spot
Rf9d003,brown_spot
R11412f,healthy
R918c5c,healthy
Rfc6971,brown_spot
R81ec98,healthy
R9424ba,healthy
R104bf4,nitrogen_deficiency
R8c9957,nitrogen_deficiency
Rc58b90,blast
R068f25,bacterial_blight
R6bc9ce,healthy
Rb4bc09,nitrogen_deficiency
R772443,bacterial_blight
Re49cba,brown_spot
R59710f,healthy
R5fe53a,nitrogen_deficiency
R643d5c,healthy
R67aba2,healthy
Rae5248,bacterial_blight
R235a5e,brown_spot
R2e1f6d,brown_spot
Re91536,healthy
R4b7162,bacterial_blight
Rd4617b,healthy
R0dcd9a,bacterial_blight
R1e7caf,healthy
R175f37,healthy
R9400ff,healthy
R46f645,blast
R25a085,healthy
Rde3dbc,nitrogen_deficiency
R11d2db,brown_spot
R66785c,healthy
R2c2959,blast
Rbd9b39,nitrogen_deficiency
Rfd2690,healthy
R79016d,healthy
R6d7a0b,brown_spot
Rb29839,healthy
R7ff163,healthy
R48863a,healthy
Re4398a,healthy
R974fcd,healthy
R027709,brown_spot
Ree0e64,nitrogen_deficiency
Rf24ccf,healthy
R392056,healthy
Rad4ebe,healthy
R544dcc,brown_spot
Rf23c95,bacterial_blight
Rf4b491,bacterial_blight
R5be902,brown_spot
R115335,healthy
R157fb5,blast
Rba82f7,brown_spot
R2cd2bd,blast
R66a260,nitrogen_deficiency
R7bbc60,healthy
Rb01ddd,healthy
Rf1b975,nitrogen_deficiency
Rf75a04,nitrogen_deficiency
R8f0d21,nitrogen_deficiency
R5e9c1a,healthy
R8accb8,healthy
R3b2b81,nitrogen_deficiency
R2619e0,nitrogen_deficiency
Ra8c7d9,brown_spot
R73a781,healthy
R21c041,bacterial_blight
R0e2b02,healthy
Re65ff5,nitrogen_deficiency
R1e53b7,healthy
R74d750,healthy
Rcaa2bf,nitrogen_deficiency
R128a68,healthy
R0fa76b,healthy
R49e344,blast
R935e93,bacterial_blight
Rae30f0,nitrogen_deficiency
R656fff,bacterial_blight
R47cb10,healthy
R801720,healthy
R1b4aa8,nitrogen_deficiency
R144e86,blast
Rcd06e8,blast
Rb8197e,bacterial_blight
Re05159,blast
R1c315d,nitrogen_deficiency
Rf94d51,brown_spot
R4a0eb3,healthy
R832125,brown_spot
R30fec6,healthy
Ra0d339,blast
Rc235c6,healthy
Rd9be2b,blast
R759228,healthy
R043461,healthy
R478303,bacterial_blight
R0638ec,healthy
R838fbe,healthy
Reae7aa,blast
R881bf5,healthy
Rbc5d06,healthy
R5beed9,healthy
Rd55830,bacterial_blight
R9b0b09,bacterial_blight
Re83e31,nitrogen_deficiency
Rebde41,healthy
R82be50,healthy
R9d83f3,blast
R5e9e11,bacterial_blight
R69c98a,bacterial_blight
R343c37,healthy
R8e1f47,blast
R742844,healthy
R56c3ab,healthy
R479bfe,bacterial_blight
R7ba650,nitrogen_deficiency
R19b857,brown_spot
R7ed88c,nitrogen_deficiency
R6c5adb,nitrogen_deficiency
Rbbaa7c,healthy
Rad00e2,healthy
Rf024fd,healthy
Re49c8f,bacterial_blight
Rc38a13,healthy
R62eeff,healthy
R5c12fe,blast
R58ada7,healthy
R305572,healthy
Rf12f77,healthy
R673eee,blast
R26c59c,healthy
R9a4a25,bacterial_blight
R3efda4,healthy
Rc28586,nitrogen_deficiency
Rebbf4b,brown_spot
R665055,bacterial_blight
R051a42,blast
R3013f4,healthy
R223b3c,healthy
R50c0fb,brown_spot
Rb7c807,healthy
Ra9c0ce,nitrogen_deficiency
Rdb7dfb,healthy
R4c570d,nitrogen_deficiency
R12a173,brown_spot
R1bb16f,healthy
R276fd5,brown_spot
R358d7c,brown_spot
R55d823,nitrogen_deficiency
Ra29488,nitrogen_deficiency
R259169,healthy
R8ead32,bacterial_blight
R55b75a,healthy
Re56b79,healthy
R9b1686,healthy
R31433e,healthy
R8f8794,blast
R88c2d7,nitrogen_deficiency
Rc47fb2,bacterial_blight
R480a1e,healthy
Rc9c1eb,nitrogen_deficiency
R11e30b,blast
R8ae629,healthy
Rc7faa6,healthy
R29373c,nitrogen_deficiency
Ra58dcd,bacterial_blight
Rc96eed,healthy
R7ea355,healthy
Rf5d012,healthy
R818044,healthy
R53c4ae,blast
R6d0542,blast
R5154a3,bacterial_blight
R2a0833,brown_spot
Rafd20f,healthy
R004b30,healthy
R109124,healthy
Rbcfecd,bacterial_blight
Ra0c92b,nitrogen_deficiency
Ra71d7f,healthy
R72930f,nitrogen_deficiency
R16b728,blast
Rb8f29d,brown_spot
R32885f,brown_spot
Rbe144e,nitrogen_deficiency
R440407,nitrogen_deficiency
R7de675,blast
R92f1cf,healthy
Rd9f503,brown_spot
R35aa13,healthy
Rf5cf3c,healthy
R6cf002,blast
Rae8d9a,blast
R2c8dbb,brown_spot
R19016c,blast
Rad6a57,nitrogen_deficiency
R3c039c,bacterial_blight
R24f96b,nitrogen_deficiency
Rae335f,healthy
Ra3deca,blast
R675bfd,healthy
Rd02099,bacterial_blight
Re81400,brown_spot
Rbd103f,nitrogen_deficiency
R226988,bacterial_blight
R92d59d,healthy
Rc5bec0,blast
R7c4a1f,blast
R6dc27d,healthy
Rc47e76,nitrogen_deficiency
R8692c9,brown_spot
Ree81cf,healthy
R8a4883,bacterial_blight
Re4713d,healthy
R69be1b,healthy
Re154f2,healthy
R21b90d,nitrogen_deficiency
R6f5833,bacterial_blight
Reaf415,healthy
Rc18ec3,blast
R76cca1,brown_spot
R44e5f7,brown_spot
R6fe7df,healthy
Rb02279,brown_spot
R1898ff,brown_spot
R820fdd,brown_spot
Rf386e4,healthy
R8eff1b,nitrogen_deficiency
R566fa1,brown_spot
Ra161fa,healthy
R0c093b,nitrogen_deficiency
Rfac0e5,nitrogen_deficiency
R849f16,nitrogen_deficiency
R1978fa,bacterial_blight
Ra09970,nitrogen_deficiency
R8788a7,nitrogen_deficiency
Rb9bef1,blast
R75a311,bacterial_blight
Rf57257,bacterial_blight
R7dd943,blast
R31abcb,healthy
Re8a9d7,blast
Rbe63f8,healthy
Rb30a2f,blast
Rb4cd29,healthy
R84029f,blast
R90f7cd,bacterial_blight
R4f4311,nitrogen_deficiency
Rcba65a,blast
R5fc0bf,healthy
Rd18360,nitrogen_deficiency
R710c3e,healthy
R32d1cb,blast
Rd5a315,nitrogen_deficiency
Rc35091,healthy
R7d5194,brown_spot
R15f525,blast
Rd55f29,bacterial_blight
Rb036a9,healthy
R086d22,healthy
Radaa18,bacterial_blight
Rc341bd,bacterial_blight
Rca87fd,healthy
Rd677e2,healthy
R605294,brown_spot
Reb52c8,healthy
Ra5da6b,healthy
Rc555b9,bacterial_blight
R51c155,bacterial_blight
R223ccf,brown_spot
Rb9390b,bacterial_blight
R211027,bacterial_blight
R258539,healthy
Redf203,nitrogen_deficiency
R3f51c8,brown_spot
R8a8ee8,healthy
R848a81,blast
R25af06,blast
R99e723,blast
Rc566a9,nitrogen_deficiency
R81818d,blast
R7cfe97,nitrogen_deficiency
Re671f9,bacterial_blight
R7d1b1b,bacterial_blight
Rd73374,blast
R1fa712,nitrogen_deficiency
R9d2384,bacterial_blight
Rf0de10,healthy
Rc26d1b,healthy
R8170ae,brown_spot
R5308bb,nitrogen_deficiency
Rb12aea,blast
Rbd5cde,healthy
Rd154b6,blast
R9baa29,healthy
Rcfa867,healthy
R29b560,nitrogen_deficiency
Ref3390,healthy
R722cd2,healthy
Rbfd146,healthy
Re7333d,healthy
R34799f,healthy
R955a17,bacterial_blight
Rc30353,healthy
Re926f1,nitrogen_deficiency
Re91409,healthy
Rcabdc2,brown_spot
Ra48440,bacterial_blight
R642a08,healthy
R9517b0,brown_spot
Ra0b725,blast
Rd1afb6,healthy
Rf42d8d,brown_spot
R6cef08,healthy
Rbe21f6,bacterial_blight
R4e3914,healthy
R47e953,healthy
Rc72f13,healthy
Rea12b9,healthy
Rb74db7,bacterial_blight
Rc83b10,healthy
Rc6bce8,brown_spot
R48a0af,bacterial_blight
R667641,nitrogen_deficiency
Rd8e298,nitrogen_deficiency
Ra1fcf1,healthy
R840143,brown_spot
Rdc9825,brown_spot
R3ac5f7,healthy
R129dfa,brown_spot
R735993,healthy
Rdb6091,brown_spot
Rc4faf1,blast
Rfe9561,healthy
Rd7ac00,blast
R9a4df0,brown_spot
Rc97c9f,nitrogen_deficiency
R7a9c51,bacterial_blight
Rd2f0eb,healthy
Rc01ff9,healthy
Rf50689,brown_spot
Rf04343,blast
Rf8b5f8,nitrogen_deficiency
R8d7960,blast
Rafdb52,healthy
R34cf67,healthy
R37c0a3,healthy
Rdcfb8c,nitrogen_deficiency
R31056e,nitrogen_deficiency
R41b049,blast
R155a51,healthy
R514e4c,nitrogen_deficiency
Rb6a420,healthy
R4cdc7e,blast
Rb370fe,healthy
Red30f5,healthy
Reee27a,bacterial_blight
R6fd723,healthy
R9c3436,brown_spot
Rb6337b,healthy
R5da330,healthy
Rad9a0a,healthy
R58d13c,blast
Raa4ccd,nitrogen_deficiency
Re41e89,bacterial_blight
Rdf8625,healthy
R87ac74,healthy
R3e2c40,bacterial_blight
R568a66,brown_spot
R72fdc6,healthy
R0a662c,healthy
R5bc96f,healthy
R046aca,brown_spot
Rfa4696,bacterial_blight
R5b235b,healthy
R2d4a00,brown_spot
R25f402,healthy
R9cef1b,brown_spot
R8e1dc8,blast
R254130,healthy
R2356c3,blast
Rc995c1,nitrogen_deficiency
R72c7b1,blast
R98cc0c,bacterial_blight
R9afd8f,nitrogen_deficiency
Rf89850,nitrogen_deficiency
R0599a3,nitrogen_deficiency
R47f44e,blast
R8dde93,healthy
Re1e84c,healthy
Rcce1c6,bacterial_blight
Rd4540a,bacterial_blight
Rd73ad4,blast
R9e7ca9,healthy
R9f4d1d,blast
Re8737d,nitrogen_deficiency
R170a57,nitrogen_deficiency
R808df6,bacterial_blight
R9aceef,brown_spot
R64d6cb,brown_spot
R2bf587,healthy
R10b7d8,bacterial_blight
R65d4f3,healthy
R2919ad,nitrogen_deficiency
R92bcb5,healthy
R9a715f,nitrogen_deficiency
R292eae,nitrogen_deficiency
R001ab8,blast
Re9289f,brown_spot
Rd5a16d,brown_spot
R581c94,nitrogen_deficiency
R106996,nitrogen_deficiency
R1c2c85,brown_spot
Ree5ef1,nitrogen_deficiency
Rc9e19a,nitrogen_deficiency
R16685b,nitrogen_deficiency
R635e57,healthy
R9bb6f6,nitrogen_deficiency
R02e8ee,healthy
Rf1b387,nitrogen_deficiency
R679b6a,brown_spot
Re7ddee,bacterial_blight
R0196ce,blast
Rd1ba62,healthy
Ra224c8,blast
R6b9042,nitrogen_deficiency
R955ec6,healthy
Rda42af,blast
R1b9dce,healthy
Racbe90,brown_spot
Rd9bc4e,brown_spot
R633ea1,brown_spot
R3bae60,healthy
R5cc42f,blast
R0d8e40,nitrogen_deficiency
R8056dd,healthy
R61f298,brown_spot
Rd42535,healthy
R1b8b92,blast
Rc9e527,nitrogen_deficiency
Rba17b1,healthy
R0d0753,healthy
R158555,brown_spot
R1f6fbe,bacterial_blight
R9de6c9,bacterial_blight
R424cb3,nitrogen_deficiency
Rd83d4b,bacterial_blight
R2d98f7,healthy
Rbcfb5a,healthy
R25084c,blast
Re24997,brown_spot
